name,voicetype,vowel,stress,pre_word,word,fol_word,F1,F2,F3,F1_LobanovNormed_unscaled,F2_LobanovNormed_unscaled,B1,B2,B3,t,beg,end,dur,plt_vclass,plt_manner,plt_place,plt_voice,plt_preseg,plt_folseq,pre_seg,fol_seg,context,vowel_index,pre_word_trans,word_trans,fol_word_trans,F1@20%,F2@20%,F1@35%,F2@35%,F1@50%,F2@50%,F1@65%,F2@65%,F1@80%,F2@80%,nFormants
UT_000,Low,AH,1,SAY,BUTTER,AGAIN,585.6,1060.2,3413.8,0.9013926451,-2.102325578,45.7,165.9,448.7,1.354,1.317,1.427,0.11,uh,stop,apical,voiceless,oral_labial,one_fol_syll,B,T,internal,2,S EY1,B AH1 T ER0,AH0 G EH1 N,539.8,1245.8,577,1058.1,605.7,1080.7,609.5,1174.8,584.8,1259.3,4
UT_000,Low,ER,0,SAY,BUTTER,AGAIN,461.5,1445.8,1722.8,-0.5837411444,-0.7303424142,41.4,109.1,95.6,1.56,1.517,1.647,0.13,*hr,,,,oral_apical,,T,AH0,final,4,S EY1,B AH1 T ER0,AH0 G EH1 N,468.6,1532.2,463.5,1451.5,453,1430.4,460,1447,493.8,1522.7,6
UT_000,Low,EH,1,SAY,VERIFY,AGAIN,490.7,1776.6,3499,-0.2342978998,0.4466597394,111.2,196.3,928.2,3.685,3.658,3.738,0.08,e,central,apical,voiced,oral_labial,two_fol_syl,V,R,internal,2,S EY1,V EH1 R AH0 F AY2,AH0 G EH1 N,489.4,1871.1,492,1815.8,492.4,1732.6,502.5,1689.8,508.2,1675.8,3
UT_000,Low,AH,0,SAY,VERIFY,AGAIN,608.5,1382.3,2023.5,1.175442313,-0.9562784383,91.1,146.1,192,3.848,3.828,3.888,0.06,uh,fricative,labiodental,voiceless,liquid,one_fol_syll,R,F,internal,4,S EY1,V EH1 R AH0 F AY2,AH0 G EH1 N,566.2,1398.7,571.4,1396.1,650.1,1389.7,654.9,1424.2,649.8,1426.4,6
UT_000,Low,AY,2,SAY,VERIFY,AGAIN,675.4,1293.7,2386,1.976050295,-1.271521458,28.5,184,283.5,4.071,4.008,4.168,0.16,ay,,,,oral_labial,,F,AH0,final,6,S EY1,V EH1 R AH0 F AY2,AH0 G EH1 N,602.8,1076.6,672.8,1162.1,674.7,1316.6,644.9,1591.4,579.3,1791.9,6
UT_000,Low,AY,1,SAY,HIRE,AGAIN,724.2,1209.1,2317.9,2.560051333,-1.572532287,98.4,176,710.7,6.346,6.356,6.516,0.16,ay,,,,,one_fol_syll,HH,ER0,internal,2,S EY1,HH AY1 ER0,AH0 G EH1 N,706.8,1189.6,721.4,1233,660,1392.1,533.5,1098.6,451.4,1802.9,5
UT_000,Low,ER,0,SAY,HIRE,AGAIN,471,1594.7,3520.6,-0.4700524176,-0.2005491232,82.8,170.6,526.7,6.573,6.516,6.686,0.17,*hr,,,,,,AY1,AH0,final,3,S EY1,HH AY1 ER0,AH0 G EH1 N,461.3,1901,470.9,1634.4,469.8,1540.1,481.4,1691.2,498.6,1819.6,3
UT_000,Low,AO,1,SAY,SORT,,455.3,898.7,2145.7,-0.6579379977,-2.676950269,54.7,146.6,731.5,9.01,8.99,9.05,0.06,owr,central,apical,voiced,oral_apical,complex_coda,S,R,internal,2,S EY1,S AO1 R T,SP,453.5,954.4,454.1,938.4,454.7,853.4,448.2,870,447.9,871.9,5
UT_000,Low,EH,1,SAY,MARRY,,583,1825.4,2508.6,0.8702778356,0.6202924634,65.6,158.4,766.8,11.522,11.492,11.582,0.09,e,central,apical,voiced,nasal_labial,one_fol_syll,M,R,internal,2,S EY1,M EH1 R IY0,SP,565.4,1832.8,575.8,1821.8,592.8,1837.6,590.6,1741.2,588.1,1665.2,4
UT_000,Low,IY,0,SAY,MARRY,,440.7,2320.9,2815.4,-0.83265962,2.38330506,147.3,219.9,658,11.763,11.703,11.883,0.18,iyF,,,,liquid,,R,SP,final,4,S EY1,M EH1 R IY0,SP,485.4,1951.5,440,2229.1,534.5,2378.4,649.3,2465.3,453.2,1684.9,5
UT_000,Low,AW,1,,COUNTY,AGAIN,651.2,1430.4,2297.4,1.686443222,-0.7851363476,74.2,119.5,526.8,14.598,14.573,14.673,0.1,aw,nasal,apical,voiced,velar,complex_one_syl,K,N,internal,2,SP,K AW1 N T IY0,AH0 G EH1 N,656.6,1559.8,650.7,1414.6,660.3,1253.4,638.6,974.6,631.5,953.5,6
UT_000,Low,IY,0,,COUNTY,AGAIN,336.8,2205.1,2897,-2.076055275,1.971283146,69.6,195.4,447.2,14.87,14.843,14.923,0.08,iyF,,,,oral_apical,,T,AH0,final,5,SP,K AW1 N T IY0,AH0 G EH1 N,341.2,2144.8,340,2182.7,351,2187.2,379.8,2074.3,391.6,2037.8,4
UT_000,Low,AE,1,SAY,BATH,,729.8,1999.9,4265.8,2.627067846,1.241171774,85.7,708,1552.4,17.103,17.013,17.283,0.27,ae,fricative,interdental,voiceless,oral_labial,,B,TH,internal,2,S EY1,B AE1 TH,SP,685.4,1876.7,724.3,2025.5,787.3,2029.1,960,2175.2,962.6,1845.3,3
UT_000,Low,IH,0,SAY,PUBLICATION,AGAIN,444.6,1532.2,2492.3,-0.7859874058,-0.4229270996,46,190,275.5,19.507,19.49,19.54,0.05,i,stop,velar,voiceless,obstruent_liquid,two_fol_syl,L,K,internal,5,S EY1,P AH2 B L IH0 K EY1 SH AH0 N,AH0 G EH1 N,451.1,1450.9,451.1,1450.9,435.1,1627.8,402.8,1666.6,402.8,1666.6,6
UT_000,Low,EY,1,SAY,PUBLICATION,AGAIN,410.1,2228.1,3746.9,-1.198856993,2.053118241,186.9,231.1,529.4,19.682,19.67,19.77,0.1,ey,fricative,palatal,voiceless,velar,one_fol_syll,K,SH,internal,7,S EY1,P AH2 B L IH0 K EY1 SH AH0 N,AH0 G EH1 N,410.1,2228.1,387.8,2333.4,358.2,2449.1,362.1,2265.5,887.2,2665.9,3
UT_000,Low,AH,0,SAY,PUBLICATION,AGAIN,546.9,1688.5,2461.5,0.4382606737,0.1331957438,77.8,324.9,387.1,19.913,19.89,19.96,0.07,uh,nasal,apical,voiced,palatal,,SH,N,internal,9,S EY1,P AH2 B L IH0 K EY1 SH AH0 N,AH0 G EH1 N,548.9,1665.8,545.4,1663.6,556.8,1712.9,541.3,1637.4,519.9,1648.6,6
UT_000,Low,AH,0,SAY,APPOINT,AGAIN,534.6,1543,2474.4,0.2910636905,-0.3845001853,123.8,121.7,416.8,22.162,22.135,22.215,0.08,uh,stop,labial,voiceless,,one_fol_syll,EY1,P,initial,1,S EY1,AH0 P OY1 N T,AH0 G EH1 N,502,1687.1,522.5,1624,527.7,1385,455.2,1164.2,434.7,1287.9,6
UT_000,Low,OY,1,SAY,APPOINT,AGAIN,588.1,928,2120.5,0.9313107311,-2.572699473,138.5,252,327.9,22.388,22.345,22.475,0.13,oy,nasal,apical,voiced,oral_labial,complex_coda,P,N,internal,3,S EY1,AH0 P OY1 N T,AH0 G EH1 N,560.3,851.5,590.5,901.6,573.7,1228.2,489,559.8,515,2021.3,6
UT_000,Low,EH,0,SAY,EMPLOYEE,AGAIN,516,1636.7,2554.9,0.06847313059,-0.05111112306,203.9,216.7,289,24.694,24.674,24.734,0.06,e,nasal,labial,voiced,,complex_two_syl,EY1,M,initial,1,S EY1,EH0 M P L OY1 IY0,AH0 G EH1 N,481.2,1587.1,497.2,1633.1,533.2,1532.7,518,1026.8,498.3,967.7,6
UT_000,Low,OY,1,SAY,EMPLOYEE,AGAIN,480.2,1031.6,2261.7,-0.3599538611,-2.20408574,42.5,118.4,199.1,24.981,24.944,25.054,0.11,oy,,,,obstruent_liquid,one_fol_syll,L,IY0,internal,5,S EY1,EH0 M P L OY1 IY0,AH0 G EH1 N,470.8,895.2,478.7,992.4,475.2,1195.4,462.4,1480.1,421.2,1666.9,6
UT_000,Low,IY,0,SAY,EMPLOYEE,AGAIN,363,2202.1,2814.7,-1.762513733,1.960609003,77,194,315.1,25.127,25.054,25.274,0.22,iyF,,,,,,OY1,AH0,final,6,S EY1,EH0 M P L OY1 IY0,AH0 G EH1 N,361.7,2076.5,363.7,2193.9,357.1,2200,352.6,2167.1,365.5,2082.4,5
UT_000,Low,IY,1,SAY,BREATHING,AGAIN,345.8,2079.2,2903.7,-1.968350165,1.52332495,130.1,91.9,395.4,27.273,27.243,27.333,0.09,iy,fricative,interdental,voiced,obstruent_liquid,one_fol_syll,R,DH,internal,3,S EY1,B R IY1 DH IH0 NG,AH0 G EH1 N,354.8,1917.5,348.6,2070.8,333.4,2096.1,329,2076.7,325.6,1836.6,5
UT_000,Low,IH,0,SAY,BREATHING,AGAIN,431.5,1921.8,2687.4,-0.9427581765,0.9632882542,64.3,343.4,437,27.416,27.393,27.463,0.07,i,nasal,velar,voiced,oral_apical,,DH,NG,internal,5,S EY1,B R IY1 DH IH0 NG,AH0 G EH1 N,388.2,1814.9,406.6,1868.7,481.1,2000.1,528.3,2108.7,532.1,2143,5
UT_000,Low,EY,1,SAY,WHALE,AGAIN,596.5,1467.3,2489.2,1.0318355,-0.6538443904,34.5,87.6,231.2,29.893,29.838,29.948,0.11,ey,lateral,apical,voiced,w/y,,W,L,internal,2,S EY1,W EY1 L,AH0 G EH1 N,551.1,1473.5,582.7,1502.9,596.5,1467.3,603,1369.9,601,1299.9,6
UT_000,Low,UW,1,SAY,HUMAN,AGAIN,414.1,1665.3,2734.4,-1.150988055,0.05064903895,93.1,308.4,553.6,32.331,32.304,32.384,0.08,uw,nasal,labial,voiced,w/y,one_fol_syll,Y,M,internal,3,S EY1,HH Y UW1 M AH0 N,AH0 G EH1 N,379.1,1923.9,402.9,1778.8,422.4,1444.1,402,1012.3,366.4,874.9,5
UT_000,Low,AH,0,SAY,HUMAN,AGAIN,571.9,1603.1,2642,0.7374415338,-0.1706615232,63,93.9,325.9,32.484,32.464,32.524,0.06,uh,nasal,apical,voiced,nasal_labial,,M,N,internal,5,S EY1,HH Y UW1 M AH0 N,AH0 G EH1 N,575.1,1576.7,575.2,1580.8,561.3,1613.5,521.6,1307.3,514.3,1265.2,6
UT_000,Low,ER,0,SAY,PERSCRIPTION,AGAIN,488.9,1495.8,3328.3,-0.2558389218,-0.5524400331,196.2,90.2,811.6,34.739,34.709,34.799,0.09,*hr,fricative,apical,voiceless,oral_labial,complex_two_syl,P,S,internal,2,S EY1,P ER0 S K R IH1 P SH AH0 N,AH0 G EH1 N,529.8,1451.2,499.6,1495.2,484.8,1528.9,522,1766.9,660.3,2118.5,4
UT_000,Low,IH,1,SAY,PERSCRIPTION,AGAIN,465.4,1624.7,2660.3,-0.5370689302,-0.09380769453,121.4,88.1,1559.5,34.996,34.979,35.029,0.05,i,stop,labial,voiceless,obstruent_liquid,complex_one_syl,R,P,internal,6,S EY1,P ER0 S K R IH1 P SH AH0 N,AH0 G EH1 N,464.9,1620.8,464.9,1620.8,471.8,1631,503.6,1635.6,503.6,1635.6,4
UT_000,Low,AH,0,SAY,PERSCRIPTION,AGAIN,586.1,1682.4,2304.9,0.9073762623,0.1114916533,110.5,214.9,326.3,35.186,35.169,35.219,0.05,uh,nasal,apical,voiced,palatal,,SH,N,internal,9,S EY1,P ER0 S K R IH1 P SH AH0 N,AH0 G EH1 N,568.7,1708.7,568.7,1708.7,599.1,1636.2,601.8,1610.9,601.8,1610.9,6
UT_000,Low,AE,1,SAY,CAMPUS,AGAIN,613.6,2008.8,2819.9,1.236475208,1.272838397,96.9,202,373,37.349,37.322,37.402,0.08,ae,nasal,labial,voiced,velar,complex_one_syl,K,M,internal,2,S EY1,K AE1 M P AH0 S,AH0 G EH1 N,601.2,2096.7,611.6,2045.9,616,1906.8,632.2,1875,638.4,1829.3,5
UT_000,Low,AH,0,SAY,CAMPUS,AGAIN,474.5,1502.2,2458.8,-0.4281670972,-0.5296685283,38.8,121.4,181.4,37.559,37.532,37.612,0.08,uh,fricative,apical,voiceless,oral_labial,,P,S,internal,5,S EY1,K AE1 M P AH0 S,AH0 G EH1 N,485.8,1482.4,479.1,1498.9,470.9,1511.7,491.8,1546.8,490.6,1589.3,6
UT_000,Low,IH,0,SAY,EXPLODE,AGAIN,481.4,1803.7,2556.7,-0.3455931798,0.5430828299,30.6,117.1,240.3,39.642,39.609,39.709,0.1,i,stop,velar,voiceless,,complex_one_syl,EY1,K,initial,1,S EY1,IH0 K S P L OW1 D,AH0 G EH1 N,456.1,1878,481.6,1821.5,508,1749.5,484.4,1838.2,464.2,1901.7,6
UT_000,Low,OW,1,SAY,EXPLODE,AGAIN,492.1,1016.3,3144.4,-0.2175437717,-2.258523868,47,199.4,2268.6,40.036,40.029,40.139,0.11,ow,stop,apical,voiced,obstruent_liquid,,L,D,internal,6,S EY1,IH0 K S P L OW1 D,AH0 G EH1 N,492.1,1016.3,486.8,1053.4,478.3,1032,463.1,979,451.9,1023.9,5
UT_000,Low,AH,1,SAY,SKULL,AGAIN,505.8,843.6,2763.6,-0.05359266033,-2.872998693,39.1,74.6,157.4,42.537,42.49,42.63,0.14,uh,lateral,apical,voiced,velar,,K,L,internal,3,S EY1,S K AH1 L,AH0 G EH1 N,492.7,904.4,503.1,840.5,501.5,801.1,505.3,786,501.6,783.1,6
UT_000,Low,IH,0,,DETAIL,,280.7,2506.4,3375.5,-2.747417125,3.043322894,52.7,164.5,1755.6,45.613,45.57,45.7,0.13,i,stop,apical,voiceless,oral_apical,one_fol_syll,D,T,internal,2,SP,D IH0 T EY1 L,SP,270.1,2293.2,280.1,2520.3,272.8,2511.9,269.3,2370.8,233.6,2346,4
UT_000,Low,EY,1,,DETAIL,,610.6,1487.6,2446.5,1.200573505,-0.5816160236,43.5,70.1,157.1,45.88,45.84,45.93,0.09,ey,lateral,apical,voiced,oral_apical,,T,L,internal,4,SP,D IH0 T EY1 L,SP,576.5,1068.5,533,1001.4,616.1,1477.4,623.8,1432,632.6,1345.4,6
UT_000,Low,AH,1,SAY,FLOOD,AGAIN,621.4,1173.2,2586.5,1.329819637,-1.700266196,14.6,162.2,583.6,53.813,53.779,53.88,0.101,uh,stop,apical,voiced,obstruent_liquid,,L,D,internal,3,S EY1,F L AH1 D,AH0 G EH1 N,622.4,1123.5,621.4,1151.3,489.3,972.8,619.7,1367.9,599.8,1402.3,6
UT_000,Low,ER,1,SAY,CIRCUIT,AGAIN,462.7,1479.5,3357.6,-0.5693804631,-0.6104362094,33.4,122.2,1181.1,56.203,56.183,56.243,0.06,*hr,stop,velar,voiceless,oral_apical,one_fol_syll,S,K,internal,2,S EY1,S ER1 K AH0 T,AH0 G EH1 N,464.5,1505.8,464.4,1496.6,456.5,1483.4,456.6,1491,454.5,1504.3,4
UT_000,Low,AH,0,SAY,CIRCUIT,AGAIN,471.8,1724.2,2466.2,-0.4604786301,0.2602180439,46.1,168.2,241.9,56.353,56.323,56.413,0.09,uh,stop,apical,voiceless,velar,,K,T,internal,4,S EY1,S ER1 K AH0 T,AH0 G EH1 N,450.3,1650.1,470.3,1742.3,498.8,1666,517.4,1635.7,500.8,1588.3,6
UT_000,Low,IH,1,SAY,LIMIT,AGAIN,568.5,1343.7,2808.3,0.6967529368,-1.093619077,49.2,106,986.6,58.617,58.6,58.65,0.05,i,nasal,labial,voiced,liquid,one_fol_syll,L,M,internal,2,S EY1,L IH1 M AH0 T,AH0 G EH1 N,514.5,1229.1,514.5,1229.1,553.3,1314,500.3,1145.8,500.3,1145.8,6
UT_000,Low,AH,0,SAY,LIMIT,AGAIN,572.2,1604.5,2654,0.7410317041,-0.1656802565,77.2,90.5,213.5,58.783,58.76,58.83,0.07,uh,stop,apical,voiceless,nasal_labial,,M,T,internal,4,S EY1,L IH1 M AH0 T,AH0 G EH1 N,574.6,1587.8,578.8,1598.5,569,1622.6,572.5,1626.9,565.8,1621.9,6
UT_000,Low,AW,1,SAY,HOUSING,AGAIN,677.6,1438.7,2820.8,2.00237821,-0.7556045524,81.1,129.2,536.3,61.228,61.207,61.337,0.13,aw,fricative,apical,voiced,,one_fol_syll,HH,Z,internal,2,S EY1,HH AW1 Z IH0 NG,AH0 G EH1 N,689.3,1473.8,670.6,1341.4,665.3,1186.6,625.4,1064.9,564.6,1009,4
UT_000,Low,IH,0,SAY,HOUSING,AGAIN,531.8,1755.3,2491.5,0.2575554342,0.370873325,72.9,218.3,702.6,61.467,61.447,61.507,0.06,i,nasal,velar,voiced,oral_apical,,Z,NG,internal,4,S EY1,HH AW1 Z IH0 NG,AH0 G EH1 N,524.6,1689.1,525.2,1693.8,518.5,1586,471.8,876.8,462.2,780.7,6
UT_000,Low,IH,0,SAY,MISTAKE,,561.4,1584.5,2509.7,0.6117855725,-0.236841209,118.8,89.1,603.5,63.255,63.232,63.302,0.07,i,fricative,apical,voiceless,nasal_labial,complex_one_syl,M,S,internal,2,S EY1,M IH0 S T EY1 K,SP,540.3,1611.3,550,1593.1,598.3,1572.1,566,1347.1,573.8,1370.8,6
UT_000,Low,EY,1,SAY,MISTAKE,,452.8,2159.2,3151,-0.6878560837,1.80796876,43.9,361,1063.5,63.504,63.492,63.602,0.11,ey,stop,velar,voiceless,oral_apical,,T,K,internal,5,S EY1,M IH0 S T EY1 K,SP,452.8,2159.2,447.2,2266.8,426.3,2161.3,373.6,2187.4,368.5,2286.4,4
UT_000,Low,AE,1,SAY,AGRICULTURE,AGAIN,672.6,1544.7,2439.4,1.942542038,-0.3784515044,20.7,148.1,241.8,66.981,66.931,67.081,0.15,ae,stop,velar,voiced,,two_fol_syl,EY1,G,initial,1,S EY1,AE1 G R IH0 K AH2 L CH ER0,AH0 G EH1 N,559.9,1720.3,666.3,1554.8,692.1,1504.4,644.8,1496.5,531.4,1675.9,6
UT_000,Low,IH,0,SAY,AGRICULTURE,AGAIN,448.8,1507.2,3698.4,-0.7357250213,-0.5118782902,133.2,317,431.3,67.201,67.181,67.241,0.06,i,stop,velar,voiceless,obstruent_liquid,two_fol_syl,R,K,internal,4,S EY1,AE1 G R IH0 K AH2 L CH ER0,AH0 G EH1 N,452,1477.3,452.5,1488,442.4,1534.6,699,2102.6,738.2,2188.3,3
UT_000,Low,ER,0,SAY,AGRICULTURE,AGAIN,506.4,1480.9,1729.8,-0.04641231969,-0.6054549427,160.5,173.2,890.2,67.608,67.571,67.681,0.11,*hr,,,,palatal,,CH,AH0,final,9,S EY1,AE1 G R IH0 K AH2 L CH ER0,AH0 G EH1 N,477.2,1516.6,499.6,1492.9,510.8,1470.4,498.3,1493.4,478.3,1568.8,5
UT_000,Low,IH,0,SAY,EXCITEMENT,AGAIN,450.4,1938.7,2615.1,-0.7165774463,1.023419259,35.1,213.1,282.9,69.506,69.456,69.606,0.15,i,stop,velar,voiceless,,complex_two_syl,EY1,K,initial,1,S EY1,IH0 K S AY1 T M AH0 N T,AH0 G EH1 N,401.6,1556.2,445.6,1945.5,479.1,1775.2,525.2,1734.9,494,1729.4,6
UT_000,Low,AY,1,SAY,EXCITEMENT,AGAIN,611.8,1457.8,2337.2,1.214934186,-0.6876458428,217.3,338,351,69.828,69.785,69.876,0.091,ay0,stop,apical,voiceless,oral_apical,complex_one_syl,S,T,internal,4,S EY1,IH0 K S AY1 T M AH0 N T,AH0 G EH1 N,567.1,1391.6,602.7,1368.5,570.8,1181.4,539.7,1112.1,458.2,1780.4,6
UT_000,Low,AH,0,SAY,EXCITEMENT,AGAIN,608.3,1547.3,2567.2,1.173048866,-0.3692005805,26.1,113.8,246.6,70.036,70.016,70.076,0.06,uh,nasal,apical,voiced,nasal_labial,complex_coda,M,N,internal,7,S EY1,IH0 K S AY1 T M AH0 N T,AH0 G EH1 N,609,1526,608.7,1530.3,607.2,1553.7,607.8,1556.5,608.7,1560.7,6
UT_000,Low,IH,1,SAY,WILL,AGAIN,452.8,1475,2416.3,-0.6878560837,-0.6264474237,24.7,123.1,312.8,71.905,71.865,71.985,0.12,i,lateral,apical,voiced,w/y,,W,L,internal,2,S EY1,W IH1 L,AH0 G EH1 N,416.1,1277.6,443.2,1466.7,484.5,1465,519.6,1380,537,1269.4,6
UT_000,Low,AA,1,SAY,BORROW,AGAIN,629.5,1011.5,2207,1.426754235,-2.275602497,28.4,76.7,197.7,74.213,74.17,74.3,0.13,ahr,central,apical,voiced,oral_labial,one_fol_syll,B,R,internal,2,S EY1,B AA1 R OW2,AH0 G EH1 N,601.8,949.1,624.4,999.9,644.1,1046.8,647.3,1082.4,627,1137.3,6
UT_000,Low,OW,2,SAY,BORROW,AGAIN,472.3,1043.4,2128.5,-0.4544950129,-2.162100778,48.4,150.6,191.4,74.447,74.44,74.54,0.1,owF,,,,liquid,,R,AH0,final,4,S EY1,B AA1 R OW2,AH0 G EH1 N,472.3,1043.4,461.8,1029.5,454.1,1087.1,469.7,1189.7,482.3,1300.7,6
UT_000,Low,EH,1,SAY,PRAYER,AGAIN,482.1,1709.9,2919.1,-0.3372161157,0.2093379629,54.2,57.1,626.8,76.296,76.273,76.343,0.07,e,central,apical,voiced,obstruent_liquid,,R,R,internal,3,S EY1,P R EH1 R,AH0 G EH1 N,473.8,1658.5,476,1691.2,490.9,1678.5,493.9,1610.8,494.4,1598.4,4
UT_000,Low,AH,1,SAY,WONDER,AGAIN,619.2,829.7,2113.6,1.303491721,-2.922455555,44.3,93.2,422.6,78.346,78.316,78.406,0.09,uh,nasal,apical,voiced,w/y,complex_one_syl,W,N,internal,2,S EY1,W AH1 N D ER0,AH0 G EH1 N,607,777.9,616,815,629.9,887.7,629.4,987.6,611.6,1068.5,6
UT_000,Low,ER,0,SAY,WONDER,AGAIN,459.1,1484,1842.3,-0.612462507,-0.5944249951,77.6,136.3,378.1,78.563,78.526,78.636,0.11,*hr,,,,oral_apical,,D,AH0,final,5,S EY1,W AH1 N D ER0,AH0 G EH1 N,451,1520.9,459.4,1490.7,459.1,1497.9,469.1,1461.1,458.4,1493.4,6
UT_000,Low,AH,0,SAY,ACQUIRE,AGAIN,452.6,1895.9,2422.3,-0.6902495306,0.8711348208,38.7,391,811.8,81.142,81.089,81.249,0.16,uh,stop,velar,voiceless,,two_fol_syl,EY1,K,initial,1,S EY1,AH0 K W AY1 ER0,AH0 G EH1 N,408.8,1906.7,442.6,1878,478.3,1631.6,471.8,1398.8,492.2,1465.2,6
UT_000,Low,AY,1,SAY,ACQUIRE,AGAIN,670.3,1077.4,2409.7,1.915017399,-2.041127158,67.3,526.1,256,81.498,81.469,81.609,0.14,ay,,,,w/y,one_fol_syll,W,ER0,internal,4,S EY1,AH0 K W AY1 ER0,AH0 G EH1 N,605.5,850.1,668.7,1027.7,621.9,1397.8,460.1,1540.3,413.6,1892.1,6
UT_000,Low,ER,0,SAY,ACQUIRE,AGAIN,455.8,1607.2,3532.4,-0.6519543805,-0.1560735279,89.9,165.2,829.8,81.646,81.609,81.719,0.11,*hr,,,,,,AY1,AH0,final,5,S EY1,AH0 K W AY1 ER0,AH0 G EH1 N,427.6,1983.3,452,1656.5,494.4,1547.3,498.7,1487.9,497.4,1598.2,3
UT_000,Low,IH,0,SAY,DIVERSITY,AGAIN,614.4,1658.6,2511.8,1.246048996,0.02681011988,50.6,117.5,325.6,83.466,83.416,83.566,0.15,i,fricative,labiodental,voiced,oral_apical,two_fol_syl,D,V,internal,2,S EY1,D IH0 V ER1 S IH0 T IY0,AH0 G EH1 N,509.8,1641.1,616.3,1650.7,547.4,1718.5,450.7,1724.8,414.5,1473.8,6
UT_000,Low,ER,1,SAY,DIVERSITY,AGAIN,464.3,1451.6,3773.7,-0.5502328881,-0.709705738,64.9,124,527,83.683,83.656,83.736,0.08,*hr,fricative,apical,voiceless,oral_labial,two_fol_syl,V,S,internal,4,S EY1,D IH0 V ER1 S IH0 T IY0,AH0 G EH1 N,462.5,1383,464.6,1416.7,460.6,1522.7,512.4,1701.9,877,2309.1,3
UT_000,Low,IH,0,SAY,DIVERSITY,AGAIN,415.7,1535,2778.6,-1.13184048,-0.4129645663,103.5,170,422.1,83.873,83.856,83.906,0.05,i,stop,apical,voiceless,oral_apical,one_fol_syll,S,T,internal,6,S EY1,D IH0 V ER1 S IH0 T IY0,AH0 G EH1 N,418.2,1529.8,418.2,1529.8,426.6,1575.7,417,1540.4,417,1540.4,6
UT_000,Low,IY,0,SAY,DIVERSITY,AGAIN,335.4,2368.4,3206.9,-2.092809403,2.552312323,59.4,234.4,1095.4,83.996,83.956,84.076,0.12,iyF,,,,oral_apical,,T,AH0,final,8,S EY1,D IH0 V ER1 S IH0 T IY0,AH0 G EH1 N,357.1,2249.8,338.2,2312.1,338.2,2318.4,360,2335.2,409.7,2214.9,4
UT_000,Low,AA,1,SAY,PROSECUTOR,AGAIN,665.9,982.7,2232.5,1.862361568,-2.378074268,51.1,190.9,293.8,85.53,85.51,85.57,0.06,o,fricative,apical,voiceless,obstruent_liquid,two_fol_syl,R,S,internal,3,S EY1,P R AA1 S IH0 K Y UW2 T ER0,AH0 G EH1 N,664.2,1023.4,664.5,1017.4,667.2,952,696,1017.2,704.8,1039.8,6
UT_000,Low,IH,0,SAY,PROSECUTOR,AGAIN,438.3,1634.2,2484.8,-0.8613809826,-0.06000624212,90.4,122.2,239.4,85.697,85.68,85.73,0.05,i,stop,velar,voiceless,oral_apical,two_fol_syl,S,K,internal,5,S EY1,P R AA1 S IH0 K Y UW2 T ER0,AH0 G EH1 N,426.8,1601.3,426.8,1601.3,424.2,1622.7,383.6,1628.5,383.6,1628.5,6
UT_000,Low,ER,0,SAY,PROSECUTOR,AGAIN,451.3,1640.8,2995,-0.7058069353,-0.03652312781,35.2,84.8,232.2,86.033,85.98,86.14,0.16,*hr,,,,oral_apical,,T,AH0,final,10,S EY1,P R AA1 S IH0 K Y UW2 T ER0,AH0 G EH1 N,444.9,1771.1,451.8,1648.6,453.8,1578.3,460.2,1599,447.1,1654.1,4
UT_000,Low,AO,1,SAY,ORANGE,AGAIN,485.4,830,2156.7,-0.2977242422,-2.92138814,86.3,102.7,218.2,87.962,87.909,88.069,0.16,owr,central,apical,voiced,,one_fol_syll,EY1,R,initial,1,S EY1,AO1 R AH0 N JH,AH0 G EH1 N,434.6,1258.2,486,870.8,482.7,690.6,459.5,680.3,496.9,772.3,6
UT_000,Low,AH,0,SAY,ORANGE,AGAIN,580.2,1695.7,2911.2,0.8367695793,0.1588136867,162.5,146.5,719.7,88.186,88.169,88.219,0.05,uh,nasal,apical,voiced,liquid,complex_coda,R,N,internal,3,S EY1,AO1 R AH0 N JH,AH0 G EH1 N,588.3,1650.6,588.3,1650.6,563.9,1756.6,501.8,1790,501.8,1790,5
UT_000,Low,AO,1,SAY,CLOTH,,667.7,985.1,2772.6,1.88390259,-2.369534954,46.3,140.6,174.5,90.068,90.035,90.135,0.1,oh,fricative,interdental,voiceless,obstruent_liquid,,L,TH,internal,3,S EY1,K L AO1 TH,SP,637.1,968.7,661.1,983.8,669.7,976.5,701.7,1010.4,748.3,1024.9,6
UT_000,Low,EY,1,SAY,BLADE,AGAIN,431.4,1752.8,2805.5,-0.9439549,0.3619782059,29.3,123.8,371.3,92.43,92.418,92.528,0.11,ey,stop,apical,voiced,obstruent_liquid,,L,D,internal,3,S EY1,B L EY1 D,AH0 G EH1 N,431.4,1752.8,413.6,1888.4,378.9,1212.4,358,556.1,351.1,1271.9,6
UT_000,Low,AW,1,SAY,COUCH,AGAIN,688.4,1630.1,2392,2.131624342,-0.07459423737,153.7,152.3,305.3,94.729,94.718,94.817,0.099,aw,affricate,palatal,voiceless,velar,,K,CH,internal,2,S EY1,K AW1 CH,AH0 G EH1 N,688.4,1630.1,663.5,1526.6,642,1322.6,610,1146.7,590.6,1138.3,6
UT_000,Low,EY,1,SAY,PORTRAY,AGAIN,478.7,1771.6,2923.3,-0.3779047127,0.4288695013,41.8,209.4,513,96.774,96.762,96.882,0.12,eyF,,,,obstruent_liquid,,R,AH0,final,6,S EY1,P AO0 R T R EY1,AH0 G EH1 N,478.7,1771.6,445,2045.7,428.2,2225.1,419.7,2135.3,429.5,2184,4
UT_000,Low,UH,1,SAY,FOOTAGE,AGAIN,478.3,1075.1,2626.8,-0.3826916064,-2.049310668,31.7,156.6,218.5,98.931,98.908,98.978,0.07,u,stop,apical,voiceless,oral_labial,one_fol_syll,F,T,internal,2,S EY1,F UH1 T IH0 JH,AH0 G EH1 N,452.3,978.1,463,1028.9,485,1115.8,483,1226.6,476.8,1265.5,6
UT_000,Low,IH,0,SAY,FOOTAGE,AGAIN,446.2,1660.6,2616.7,-0.7668398308,0.03392621513,26.8,96.9,316.5,99.058,99.018,99.138,0.12,i,affricate,palatal,voiced,oral_apical,,T,JH,internal,4,S EY1,F UH1 T IH0 JH,AH0 G EH1 N,459.9,1577,449.5,1658.1,439.9,1663.1,417.9,1682.1,359.7,1633.2,6
UT_000,Low,EH,1,SAY,PEN,,572.6,1797.2,3073.5,0.7458185978,0.5199555204,93.6,186.2,273.8,100.901,100.871,100.961,0.09,e,nasal,apical,voiced,oral_labial,,P,N,internal,2,S EY1,P EH1 N,SP,617.5,1760.3,592.5,1761.8,525.4,1460.4,504.7,1680.3,476.2,1712.3,5
UT_000,Low,IY,1,SAY,GENIUS,AGAIN,296.2,2536.9,3874.3,-2.561924991,3.151843347,183.4,237.1,1168.6,103.082,103.045,103.155,0.11,iy,nasal,apical,voiced,palatal,one_fol_syll,JH,N,internal,2,S EY1,JH IY1 N Y AH0 S,AH0 G EH1 N,1672.7,3065.1,286.6,2556.5,329.6,2539.3,357.8,2637.5,365.8,2640,3
UT_000,Low,AH,0,SAY,GENIUS,AGAIN,634.8,1755.4,2661.5,1.490180578,0.3712291298,97.5,161.6,486.8,103.325,103.305,103.365,0.06,uh,fricative,apical,voiceless,w/y,,Y,S,internal,5,S EY1,JH IY1 N Y AH0 S,AH0 G EH1 N,601,1842.9,605.3,1832.7,664,1711.9,675.4,1707.4,672.1,1706.2,6
UT_000,Low,AO,1,SAY,FOREST,AGAIN,418.2,689.1,2155.8,-1.101922394,-3.42271705,29.7,69.7,168.8,105.143,105.113,105.203,0.09,owr,central,apical,voiced,oral_labial,one_fol_syll,F,R,internal,2,S EY1,F AO1 R AH0 S T,AH0 G EH1 N,400.3,701.1,414.6,683.5,418.9,706.6,446.4,760.8,458.3,799.1,6
UT_000,Low,AH,0,SAY,FOREST,AGAIN,509.2,1638.4,3143,-0.01290406336,-0.0450624421,128.5,112.1,1354.1,105.296,105.273,105.343,0.07,uh,fricative,apical,voiceless,liquid,complex_coda,R,S,internal,4,S EY1,F AO1 R AH0 S T,AH0 G EH1 N,484,1621.5,496,1628.9,559.3,1677.5,664,1936.4,691.8,2093.5,4
UT_000,Low,AY,0,SAY,IDENTITY,AGAIN,629.7,1579.2,2345,1.429147682,-0.2556988614,24.4,224.8,384.5,107.354,107.328,107.418,0.09,ay,stop,apical,voiced,,two_fol_syl,EY1,D,initial,1,S EY1,AY0 D EH1 N T IH0 T IY2,AH0 G EH1 N,561.8,1679.1,618.2,1594.6,624.3,1604.8,512.1,1710.2,431,1828.4,6
UT_000,Low,EH,1,SAY,IDENTITY,AGAIN,533.3,1523.8,2546.8,0.2755062858,-0.4528146997,220.9,123.7,115.4,107.554,107.537,107.588,0.051,e,nasal,apical,voiced,oral_apical,complex_two_syl,D,N,internal,3,S EY1,AY0 D EH1 N T IH0 T IY2,AH0 G EH1 N,549.4,1656.9,549.4,1656.9,518.1,1312.7,514,1329.6,514,1329.6,6
UT_000,Low,IY,2,SAY,IDENTITY,AGAIN,364.3,1903.7,2672,-1.746956328,0.8988875922,144.5,157.6,396.5,107.838,107.808,107.897,0.089,iyF,,,,oral_apical,,T,AH0,final,8,S EY1,AY0 D EH1 N T IH0 T IY2,AH0 G EH1 N,380.7,1917.9,369.7,1959.7,363.5,1824.7,386.2,2092.7,373.7,2086.9,6
UT_000,Low,UW,1,SAY,DUTY,AGAIN,358.3,1765.1,2635.8,-1.818759735,0.4057421917,52.4,206.7,630.4,109.69,109.683,109.783,0.1,Tuw,stop,apical,voiceless,oral_apical,one_fol_syll,D,T,internal,2,S EY1,D UW1 T IY0,AH0 G EH1 N,358.3,1765.1,360.9,1662.7,366.3,1598.4,371.2,1610.4,368,1636.3,6
UT_000,Low,IY,0,SAY,DUTY,AGAIN,334.3,2240.2,2889.1,-2.105973361,2.096170617,76.6,298.7,220.1,109.87,109.823,109.963,0.14,iyF,,,,oral_apical,,T,AH0,final,4,S EY1,D UW1 T IY0,AH0 G EH1 N,346,1825.3,338.6,2263.4,320.3,2185.5,357.7,2064.1,413,1916.9,5
UT_000,Low,IH,2,SAY,INQUIRY,AGAIN,305.2,2159.7,2950.6,-2.454219882,1.809747784,600.5,1467.1,802.5,112.064,112.011,112.171,0.16,i,nasal,apical,voiced,,complex_two_syl,EY1,N,initial,1,S EY1,IH2 N K W AY1 R IY2,AH0 G EH1 N,399.8,2329.8,324.7,2117.4,967.4,2577.7,371.8,2566,434.3,2618.7,4
UT_000,Low,IY,2,SAY,INQUIRY,AGAIN,340.8,2093,3067,-2.028186337,1.572426007,38.4,99,646.9,112.611,112.571,112.691,0.12,iyF,,,,liquid,,R,AH0,final,7,S EY1,IH2 N K W AY1 R IY2,AH0 G EH1 N,368.7,1982.2,344,2107.8,336.7,2062.7,350.8,2329.4,376.9,2185.7,4
UT_000,Low,AO,1,SAY,FLAW,,684.5,969.3,3221.9,2.084952128,-2.425752107,53.9,196.8,507,115.202,115.096,115.415,0.319,oh,,,,obstruent_liquid,,L,SP,final,3,S EY1,F L AO1,SP,695.5,971,685.3,969.1,662.3,953.4,709.3,1202.5,777.5,1091,4
UT_000,Low,AA,1,SAY,TOP,,668.3,875.6,2455.6,1.89108293,-2.759141169,80.1,311.2,273.1,117.29,117.253,117.363,0.11,o,stop,labial,voiceless,oral_apical,,T,P,internal,2,S EY1,T AA1 P,SP,678.5,968.5,667.1,832.2,652.9,1027.4,669,982.9,686.4,1029.8,6
UT_000,Low,UH,1,SAY,BULL,AGAIN,451.8,709.4,3400.4,-0.6998233181,-3.350488684,77.2,110.7,189,119.541,119.494,119.634,0.14,u,lateral,apical,voiced,oral_labial,,B,L,internal,2,S EY1,B UH1 L,AH0 G EH1 N,447.5,729.9,451.6,712.2,457,698.3,475.3,674.1,451.7,690.1,4
UT_000,Low,AY,1,SAY,FIGHTER,AGAIN,688.3,1369.5,2951.6,2.130427618,-1.001821448,31.9,287.6,357.5,121.934,121.9,122.01,0.11,ay0,stop,apical,voiceless,oral_labial,one_fol_syll,F,T,internal,2,S EY1,F AY1 T ER0,AH0 G EH1 N,644.7,1039.4,668.4,1208.7,680.9,1459.3,617.5,1700,537.8,1749.5,4
UT_000,Low,ER,0,SAY,FIGHTER,AGAIN,471.4,1608.5,3571.3,-0.4652655238,-0.151448066,89.7,87.1,707.2,122.123,122.09,122.19,0.1,*hr,,,,oral_apical,,T,AH0,final,4,S EY1,F AY1 T ER0,AH0 G EH1 N,485.8,1697.4,475.6,1622.8,473.4,1606.6,482.3,1709.2,478,1783.6,3
UT_000,Low,IH,1,SAY,CLEAR,,367.9,2264.3,3745.4,-1.703874285,2.181919565,51.1,361.8,367.5,124.403,124.356,124.496,0.14,iyr,central,apical,voiced,obstruent_liquid,,L,R,internal,3,S EY1,K L IH1 R,SP,382,2389.1,367.2,2255.3,382,2205.4,431.6,2021.1,476.4,1821.3,3
UT_000,Low,IH,1,SAY,TWIN,AGAIN,482.2,1645.7,2859.9,-0.3360193923,-0.01908869445,83.2,635.3,376.5,126.929,126.899,126.989,0.09,i,nasal,apical,voiced,w/y,,W,N,internal,3,S EY1,T W IH1 N,AH0 G EH1 N,452.7,1301.3,473.7,1588.2,497.4,1716.2,507.2,1717.6,496.4,1698.6,5
UT_000,Low,EH,1,SAY,LENGTH,,583.8,1558.7,3065.7,0.8798516232,-0.3286388376,67.2,254.7,540.5,129.034,129.017,129.067,0.05,e,nasal,velar,voiced,liquid,complex_coda,L,NG,internal,2,S EY1,L EH1 NG K TH,SP,579.6,1514.1,579.6,1514.1,580.3,1626.5,569.7,1709,569.7,1709,4
UT_000,Low,EH,1,SAY,DEPTH,AGAIN,594.4,1685.9,2743.1,1.006704308,0.12394482,38.4,412.8,426.2,131.522,131.495,131.575,0.08,e,stop,labial,voiceless,oral_apical,complex_coda,D,P,internal,2,S EY1,D EH1 P TH,AH0 G EH1 N,551.9,1699.3,582.2,1691.4,618.1,1580.5,638.8,1182.5,621.5,1262.8,5
UT_000,Low,IH,1,SAY,PILLOW,,616,1483.3,2539.3,1.265196571,-0.5969156284,78.8,119.1,358.7,133.949,133.929,133.989,0.06,i,lateral,apical,voiced,oral_labial,one_fol_syll,P,L,internal,2,S EY1,P IH1 L OW0,SP,661.5,1539.2,655.2,1531.7,589,1441.1,560.3,1400.3,557.2,1394.3,6
UT_000,Low,OW,0,SAY,PILLOW,,573.6,1074,2690.9,0.7577858322,-2.05322452,24.8,184.5,305.6,134.113,134.1,134.339,0.239,owF,,,,liquid,,L,SP,final,4,S EY1,P IH1 L OW0,SP,578.3,1066.2,554.9,1066.8,655.8,878.2,706.3,1018.7,638.4,1024.4,6
UT_000,Low,EH,1,SAY,BEAR,AGAIN,537.1,1772.7,2396.9,0.3209817765,0.4327833536,42.9,152.2,591.4,136.392,136.345,136.485,0.14,e,central,apical,voiced,oral_labial,,B,R,internal,2,S EY1,B EH1 R,AH0 G EH1 N,490.1,1653.9,533.4,1760.1,488.3,1459.7,533.8,1697.2,521.7,1596.2,6
UT_000,Low,IY,1,SAY,MEETING,,386,2392.3,2919.6,-1.487267342,2.637349661,74.8,234.6,288.8,138.775,138.745,138.835,0.09,iy,stop,apical,voiceless,nasal_labial,one_fol_syll,M,T,internal,2,S EY1,M IY1 T IH0 NG,SP,391.1,2324.6,387.9,2370.6,383,2356.1,380.1,2155.8,373.2,2058,5
UT_000,Low,IH,0,SAY,MEETING,,424.9,2017.5,2545,-1.021741924,1.303793412,40.8,126.4,295.7,138.905,138.885,138.945,0.06,i,nasal,velar,voiced,oral_apical,,T,NG,internal,4,S EY1,M IY1 T IH0 NG,SP,407,1991.7,408.3,1994.8,449.6,2056.2,461.7,1684.9,460.7,1575.7,6
UT_000,Low,IH,1,SAY,SPHERE,AGAIN,376.4,2355.2,3480.4,-1.602152792,2.505346094,106.3,247.6,680.9,144.021,143.991,144.081,0.09,iyr,central,apical,voiced,oral_labial,,F,R,internal,3,S EY1,S F IH1 R,AH0 G EH1 N,369.6,2394,372.7,2396.3,398.1,2301,431.4,1958.9,438.5,1770.7,3
UT_000,Low,AW,1,SAY,FLOWER,AGAIN,653.6,1052.4,2403.4,1.715164585,-2.130078349,48.2,320.8,637.7,146.06,146.043,146.163,0.12,aw,,,,obstruent_liquid,one_fol_syll,L,ER0,internal,3,S EY1,F L AW1 ER0,AH0 G EH1 N,649,1038.4,666,1056,648,995.9,607,865.3,544.9,774.7,5
UT_000,Low,ER,0,SAY,FLOWER,AGAIN,536.8,1149.6,3996,0.3173916062,-1.78423612,102.1,366.9,546.7,146.216,146.163,146.323,0.16,*hr,,,,,,AW1,AH0,final,4,S EY1,F L AW1 ER0,AH0 G EH1 N,562.4,969.6,540.5,1140,508.8,1183.3,501.5,1502.3,525.3,1634.3,3
UT_000,Low,UH,1,SAY,BOOK,AGAIN,490.9,1060,2577.8,-0.2319044529,-2.103037187,38,121.7,330.6,148.1,148.073,148.153,0.08,u,stop,velar,voiceless,oral_labial,,B,K,internal,2,S EY1,B UH1 K,AH0 G EH1 N,485.3,1013.3,488.4,1036,504.5,1100.1,573,1158.4,555.5,1194.4,6
UT_000,Low,EH,1,SAY,ENTER,AGAIN,533.9,1931.8,2570.7,0.2826866264,0.9988687304,55.5,135.1,244.9,150.464,150.414,150.564,0.15,e,nasal,apical,voiced,,complex_one_syl,EY1,N,initial,1,S EY1,EH1 N T ER0,AH0 G EH1 N,363.6,1611.7,510.4,1929.1,580.3,1802.9,594.9,1653.6,565.5,1594.6,6
UT_000,Low,ER,0,SAY,ENTER,AGAIN,449.2,1654.6,3004,-0.7309381276,0.01257792939,34.7,188.9,1350.2,150.751,150.714,150.824,0.11,*hr,,,,oral_apical,,T,AH0,final,4,S EY1,EH1 N T ER0,AH0 G EH1 N,475.8,1677.8,457,1653.6,440.6,1594.1,441.9,1601.1,445,1640.4,4
UT_000,Low,OW,1,SAY,GLOBE,AGAIN,483.4,1052,2702.3,-0.321658711,-2.131501568,36.2,86.3,131.6,152.813,152.805,152.935,0.13,ow,stop,labial,voiced,obstruent_liquid,,L,B,internal,3,S EY1,G L OW1 B,AH0 G EH1 N,483.4,1052,464.7,976.2,444.6,829.4,438.3,913,420.8,859.4,6
UT_000,Low,UW,1,SAY,ROUTE,AGAIN,359.5,1600.4,3822.2,-1.804399054,-0.1802682518,58.5,351.2,776.8,154.987,154.98,155.07,0.09,Tuw,stop,apical,voiceless,liquid,,R,T,internal,2,S EY1,R UW1 T,AH0 G EH1 N,359.5,1600.4,366.4,1724.3,368.3,1856.7,398.1,1982.8,367.1,2109.5,3
UT_000,Low,IH,0,SAY,EXPRESSION,AGAIN,442.7,1961.3,3225.7,-0.8087251512,1.103831135,24.2,161.5,376.8,157.07,157.05,157.11,0.06,i,stop,velar,voiceless,,complex_two_syl,EY1,K,initial,1,S EY1,IH0 K S P R EH1 SH AH0 N,AH0 G EH1 N,447.5,1974.9,447.2,1973.1,415.6,1846.7,397.2,1679.1,395.9,1670.3,5
UT_000,Low,EH,1,SAY,EXPRESSION,AGAIN,595.5,1771.4,3867.7,1.019868266,0.4281578917,69.6,435.8,579.3,157.393,157.37,157.44,0.07,e,fricative,palatal,voiceless,obstruent_liquid,one_fol_syll,R,SH,internal,6,S EY1,IH0 K S P R EH1 SH AH0 N,AH0 G EH1 N,583.2,1711.7,589,1754.4,649.3,1832.3,813.6,2029.9,865.7,2170.9,3
UT_000,Low,AH,0,SAY,EXPRESSION,AGAIN,611,1661.4,2345.2,1.205360399,0.03677265322,122.2,376.4,723.8,157.577,157.56,157.61,0.05,uh,nasal,apical,voiced,palatal,,SH,N,internal,8,S EY1,IH0 K S P R EH1 SH AH0 N,AH0 G EH1 N,628.2,1651.5,628.2,1651.5,609.3,1629.6,605.4,1626.1,605.4,1626.1,6
UT_000,Low,AY,1,SAY,KNIFE,AGAIN,666.9,1517.4,2398.2,1.874328802,-0.4755862045,30.7,108.9,647.2,159.646,159.602,159.732,0.13,ay0,fricative,labiodental,voiceless,nasal_apical,,N,F,internal,2,S EY1,N AY1 F,AH0 G EH1 N,519.7,1370.4,649.4,1464.4,612.2,1363.2,566.1,1492.9,657.5,1916,6
UT_000,Low,AH,0,SAY,POLICE,AGAIN,643.6,1149.9,2453.6,1.595492241,-1.783168706,110.4,246.7,416.3,162.178,162.161,162.211,0.05,uh,lateral,apical,voiced,oral_labial,one_fol_syll,P,L,internal,2,S EY1,P AH0 L IY1 S,AH0 G EH1 N,696.4,1217,696.4,1217,566.6,1088.6,464.5,992,464.5,992,5
UT_000,Low,IY,1,SAY,POLICE,AGAIN,353.3,2287.6,3844.4,-1.878595907,2.264822075,59.2,322.6,839,162.354,162.321,162.421,0.1,iy,fricative,apical,voiceless,liquid,,L,S,internal,4,S EY1,P AH0 L IY1 S,AH0 G EH1 N,362.3,2292.5,355.3,2315.5,353.4,2316.9,355.5,2271.1,408.9,2104.7,4
UT_000,Low,IH,0,,EXCHANGE,AGAIN,464.3,1837.6,2498.4,-0.5502328881,0.6637006444,38.6,275.3,235.4,164.521,164.471,164.621,0.15,i,stop,velar,voiceless,,complex_one_syl,SP,K,initial,1,SP,IH0 K S CH EY1 N JH,AH0 G EH1 N,351.1,1242,452.9,1842.6,462.3,1754.6,463.2,1775,405.8,1734,6
UT_000,Low,EY,1,,EXCHANGE,AGAIN,549.3,2011.8,2992.3,0.4669820362,1.28351254,71.8,134.5,326.9,164.932,164.891,165.001,0.11,ey,nasal,apical,voiced,palatal,complex_coda,CH,N,internal,5,SP,IH0 K S CH EY1 N JH,AH0 G EH1 N,473.6,1882.1,546.1,1922.1,542.7,2131.7,497.8,2201.4,475.6,2186.4,5
UT_000,Low,EY,1,SAY,RADIO,AGAIN,436.2,1872.6,3740.2,-0.8865121748,0.7882323112,80.1,166.2,361.7,172.417,172.405,172.464,0.059,ey,stop,apical,voiced,liquid,two_fol_syl,R,D,internal,2,S EY1,R EY1 D IY0 OW2,AH0 G EH1 N,436.2,1872.6,435.7,1879.2,424.3,1933,404.7,2009.3,404.7,2009.3,3
UT_000,Low,IY,0,SAY,RADIO,AGAIN,335.6,2324,3468.4,-2.090415956,2.394335008,137.3,206.5,698.4,172.574,172.524,172.674,0.15,iy,,,,oral_apical,one_fol_syll,D,OW2,internal,4,S EY1,R EY1 D IY0 OW2,AH0 G EH1 N,337.7,2290.2,337,2344.3,351.7,2265,395.1,2279.3,478.4,2131.3,3
UT_000,Low,OW,2,SAY,RADIO,AGAIN,492.6,1418.5,2350.2,-0.2115601545,-0.8274771143,37,145.9,178.5,172.683,172.674,172.785,0.111,owF,,,,,,IY0,AH0,final,5,S EY1,R EY1 D IY0 OW2,AH0 G EH1 N,492.6,1418.5,481.4,1285.8,451.4,1177.4,441.4,1131.1,448.8,1218.3,6
UT_000,Low,AY,1,SAY,WHITE,AGAIN,635.6,1260.5,2199.7,1.499754365,-1.389648639,24.6,141.8,474.3,175.293,175.262,175.392,0.13,ay0,stop,apical,voiceless,w/y,,W,T,internal,2,S EY1,W AY1 T,AH0 G EH1 N,523.4,807.4,633.8,1153.9,618.7,1494.3,514.6,1291.2,423.6,944.8,6
UT_000,Low,AE,1,SAY,ARROW,AGAIN,540.8,2098,3940.9,0.3652605438,1.590216245,79.7,522,768.8,178.057,178.024,178.124,0.1,ae,central,apical,voiced,,one_fol_syll,EY1,R,initial,1,S EY1,AE1 R OW0,AH0 G EH1 N,646.4,2342.5,535.6,2068.7,555.1,2025.9,558.7,1838.6,562.6,1825.4,3
UT_000,Low,OW,0,SAY,ARROW,AGAIN,509,1135.9,2013.3,-0.01529751024,-1.832981373,63.1,170.3,119,178.301,178.294,178.454,0.16,owF,,,,liquid,,R,AH0,final,3,S EY1,AE1 R OW0,AH0 G EH1 N,507.6,1118.3,482,1005,444.7,927.7,453.7,1013.2,484.8,1231.5,6
UT_000,Low,OY,1,SAY,BOIL,AGAIN,536.3,1015.8,2547.4,0.311407989,-2.260302892,99.8,177.5,295.3,180.817,180.734,180.984,0.25,oy,lateral,apical,voiced,oral_labial,,B,L,internal,2,S EY1,B OY1 L,AH0 G EH1 N,490.5,799.6,535.1,993.6,484.9,1589.5,430.4,1706.2,501.1,1297.5,4
UT_000,Low,IH,2,SAY,IMPLY,AGAIN,488.5,1863.9,2807.5,-0.2606258155,0.7572772968,58.5,199.3,320.1,183.376,183.352,183.423,0.071,i,nasal,labial,voiced,,complex_one_syl,EY1,M,initial,1,S EY1,IH2 M P L AY1,AH0 G EH1 N,478.5,2040.5,482.2,1956.2,507.6,1745.7,526.2,1583.9,525.1,1422.1,5
UT_000,Low,AY,1,SAY,IMPLY,AGAIN,674.3,1171.3,2436.7,1.962886337,-1.707026487,31.6,103,387.4,183.7,183.653,183.813,0.16,ay,,,,obstruent_liquid,,L,AH0,final,5,S EY1,IH2 M P L AY1,AH0 G EH1 N,562.6,913.3,655.3,1084.5,663.4,1295.3,604.1,1632.3,455.4,1388.5,6
UT_000,Low,UW,1,SAY,ROOT,AGAIN,358.9,1636.5,3673.8,-1.811579394,-0.05182273258,40.2,386.3,1006.2,186.173,186.166,186.245,0.079,Tuw,stop,apical,voiceless,liquid,,R,T,internal,2,S EY1,R UW1 T,AH0 G EH1 N,358.9,1636.5,359.1,1602.7,353.1,1510.7,360.2,1658.9,356.4,1729.1,4
UT_000,Low,EH,1,SAY,EXPLOIT,AGAIN,435.1,2172.2,3823.7,-0.8996761327,1.854223379,61.1,233.8,512.1,188.333,188.316,188.366,0.05,e,stop,velar,voiceless,,complex_one_syl,EY1,K,initial,1,S EY1,EH1 K S P L OY2 T,AH0 G EH1 N,435.5,2233.2,435.5,2233.2,432.3,2071.4,408.7,1999.8,408.7,1999.8,3
UT_000,Low,OY,2,SAY,EXPLOIT,AGAIN,491,893.3,2622.8,-0.2307077295,-2.696163726,42.7,109,1006,188.723,188.676,188.816,0.14,oy,stop,apical,voiceless,obstruent_liquid,,L,T,internal,6,S EY1,EH1 K S P L OY2 T,AH0 G EH1 N,454,785.6,488.4,868.3,503.8,982.3,468,928.5,451.9,1622.9,6
UT_000,Low,IH,1,SAY,WILL,AGAIN,454.1,1342.5,2412.6,-0.672298679,-1.097888734,21.1,121.6,166.2,191.154,191.117,191.227,0.11,i,lateral,apical,voiced,w/y,,W,L,internal,2,S EY1,W IH1 L,AH0 G EH1 N,421.6,1153.1,448.8,1324.1,482.7,1347.9,519,1273.7,529.3,1042.6,6
UT_000,Low,IH,2,SAY,INTEGRITY,AGAIN,482.9,1926.3,2808.6,-0.3276423282,0.9792994685,60.8,292.9,600.7,193.478,193.461,193.511,0.05,i,nasal,apical,voiced,,complex_two_syl,EY1,N,initial,1,S EY1,IH2 N T EH1 G R AH0 T IY0,AH0 G EH1 N,474.3,1979.7,474.3,1979.7,488.6,1851.7,488.3,1774.2,488.3,1774.2,5
UT_000,Low,EH,1,SAY,INTEGRITY,AGAIN,541.2,1695.7,2541.2,0.3700474376,0.1588136867,47.9,94.8,345.6,193.671,193.641,193.731,0.09,e,stop,velar,voiced,oral_apical,two_fol_syl,T,G,internal,4,S EY1,IH2 N T EH1 G R AH0 T IY0,AH0 G EH1 N,513.7,1347.7,543,1700.7,522.4,1688.5,460.1,1721.3,419,1783.7,6
UT_000,Low,AH,0,SAY,INTEGRITY,AGAIN,429.6,1652.5,2085.4,-0.9654959219,0.005106029381,34.1,199.9,1191.1,193.868,193.851,193.901,0.05,uh,stop,apical,voiceless,obstruent_liquid,one_fol_syll,R,T,internal,7,S EY1,IH2 N T EH1 G R AH0 T IY0,AH0 G EH1 N,430.3,1637.4,430.3,1637.4,425.3,1651.1,406.3,1631.8,406.3,1631.8,6
UT_000,Low,IY,0,SAY,INTEGRITY,AGAIN,353.7,2123,3056.9,-1.873809013,1.679167436,75.5,124.6,282.7,193.994,193.951,194.081,0.13,iyF,,,,oral_apical,,T,AH0,final,9,S EY1,IH2 N T EH1 G R AH0 T IY0,AH0 G EH1 N,388.5,2070.1,356.7,2115.7,351.9,2166.2,358.9,2374.2,377.4,2320.7,4
UT_000,Low,OY,1,SAY,JOY,AGAIN,519,1079.3,2202.6,0.1043748338,-2.034366868,76.8,225,353.8,196.268,196.201,196.401,0.2,oy,,,,palatal,,JH,AH0,final,2,S EY1,JH OY1,AH0 G EH1 N,477.6,903,517.7,1040.9,442.7,1311.8,435.3,1738.8,438.5,1758.2,6
UT_000,Low,AA,1,SAY,CONTRAST,AGAIN,647.4,954.9,2004.3,1.640967731,-2.476987992,52.4,144.6,861.3,206.192,206.159,206.259,0.1,o,nasal,apical,voiced,velar,complex_one_syl,K,N,internal,2,S EY1,K AA1 N T R AE0 S T,AH0 G EH1 N,676.8,1021.2,650.4,950.6,634,962.9,620.4,1008.7,609.2,1082.1,5
UT_000,Low,AE,0,SAY,CONTRAST,AGAIN,684.3,1362,2216.5,2.082558681,-1.028506805,27.7,196.6,245.8,206.502,206.459,206.589,0.13,ae,fricative,apical,voiceless,obstruent_liquid,complex_coda,R,S,internal,6,S EY1,K AA1 N T R AE0 S T,AH0 G EH1 N,642,1385.8,676.8,1394.7,693,1297,688.5,1378.3,671.8,1400,6
UT_000,Low,UH,1,SAY,PUSH,AGAIN,596.7,1139.9,2456.6,1.034228947,-1.818749182,58.9,181.3,209.8,208.933,208.906,208.986,0.08,u,fricative,palatal,voiceless,oral_labial,,P,SH,internal,2,S EY1,P UH1 SH,AH0 G EH1 N,636.1,1127.2,595.4,1113.6,607.9,1136.5,616.8,1145.8,615.5,1221.1,6
UT_000,Low,AH,1,SAY,ONION,AGAIN,649,1368.5,2815.2,1.660115306,-1.005379495,43.1,202,1227.7,211.191,211.165,211.244,0.079,uh,nasal,apical,voiced,,one_fol_syll,EY1,N,initial,1,S EY1,AH1 N Y AH0 N,AH0 G EH1 N,665.3,1372.3,656.5,1361.6,626.2,1406.1,597.1,1525.4,565,1576.4,5
UT_000,Low,AH,1,SAY,COUSIN,AGAIN,594,1270.4,2533.1,1.001917414,-1.354423967,291.1,286.1,307.1,214.15,214.113,214.223,0.11,uh,fricative,apical,voiced,velar,one_fol_syll,K,Z,internal,2,S EY1,K AH1 Z AH0 N,AH0 G EH1 N,700.9,1488.2,599.7,1302.2,621.1,1347.8,567.3,1364.1,472.3,1357.4,6
UT_000,Low,AH,0,SAY,COUSIN,AGAIN,579.1,1413.1,2712,0.8236056215,-0.8466905715,130,301.6,727.4,214.316,214.293,214.363,0.07,uh,nasal,apical,voiced,oral_apical,,Z,N,internal,4,S EY1,K AH1 Z AH0 N,AH0 G EH1 N,513.8,1395.9,546.9,1402.5,603.3,1435.4,556.2,1456.5,530.8,1443.5,6
UT_000,Low,AY,1,SAY,SMILE,AGAIN,677.6,1272.8,2611.1,2.00237821,-1.345884653,54.5,289.6,464.8,218.092,218.067,218.247,0.18,ay,lateral,apical,voiced,nasal_labial,,M,L,internal,3,S EY1,S M AY1 L,AH0 G EH1 N,640.8,1014.9,664.9,1381.2,626.3,1670,602.1,1703.8,574.5,1461.8,5
UT_000,Low,AA,1,SAY,SWALLOW,AAIN,605.1,831,2370.6,1.134753716,-2.917830093,81.6,110.1,350.4,220.501,220.471,220.561,0.09,o,lateral,apical,voiced,w/y,one_fol_syll,W,L,internal,3,S EY1,S W AA1 L OW0,EH1 N,588.5,788.6,602.4,827.8,607.4,807.3,611.2,852.6,597.6,838.6,6
UT_000,Low,OW,0,SAY,SWALLOW,AAIN,520.9,1032.6,2476.7,0.1271125792,-2.200527692,84.2,212.2,404.3,220.648,220.641,220.831,0.19,owF,,,,liquid,,L,EH1,final,5,S EY1,S W AA1 L OW0,EH1 N,504.8,1021.6,474.3,946.5,418.9,1000.8,456.3,1172.6,445,1592.6,6
UT_000,Low,EH,1,SWALLOW,AAIN,,495.6,1895.4,2332.8,-0.1756584513,0.869355797,408,373,331.9,220.884,220.831,220.991,0.16,e,nasal,apical,voiced,,,OW0,N,initial,1,S W AA1 L OW0,EH1 N,SP,372.9,1207.7,489.3,1862.7,429.2,1859.4,589.2,1714.7,634,1614.8,6
UT_000,Low,ER,1,SAY,VIRTUE,AGAIN,439.5,1470.5,3808.7,-0.8470203013,-0.642458638,44.7,118.3,550.6,222.863,222.83,222.93,0.1,*hr,affricate,palatal,voiceless,oral_labial,one_fol_syll,V,CH,internal,2,S EY1,V ER1 CH UW0,AH0 G EH1 N,443.8,1415.8,440.3,1453.2,432,1619.5,871.3,2493.2,1017.1,2900.1,3
UT_000,Low,UW,0,SAY,VIRTUE,AGAIN,379.8,1242,2532.2,-1.561464195,-1.45547252,35.3,555.4,594.2,223.1,223.06,223.18,0.12,uw,,,,palatal,,CH,AH0,final,4,S EY1,V ER1 CH UW0,AH0 G EH1 N,399.4,1586.9,382,1350.6,369.7,1040.8,382.6,1151.6,410.8,1364.1,6
UT_000,Low,EY,1,SAY,SNAKE,AGAIN,533.7,1868.5,3011.4,0.2802931795,0.7736443159,87.6,135.5,793.9,225.359,225.347,225.417,0.07,ey,stop,velar,voiceless,nasal_apical,,N,K,internal,3,S EY1,S N EY1 K,AH0 G EH1 N,533.7,1868.5,526.5,1904.7,491.8,2032.6,509.4,2207.7,529.3,2268.2,5
UT_000,Low,UH,1,SAY,CURE,AGAIN,413.9,1110.8,2073.6,-1.153381502,-1.922288368,41.5,367.3,214.9,227.711,227.674,227.784,0.11,uwr,central,apical,voiced,w/y,,Y,R,internal,3,S EY1,K Y UH1 R,AH0 G EH1 N,374.6,1496.7,405.1,1205.6,427.6,944.5,435.1,828.8,457.5,784.9,6
UT_000,Low,UH,1,SAY,PULL,AGAIN,468,704.9,2716,-0.5059541208,-3.366499898,83.3,79.7,742.9,229.98,229.93,230.08,0.15,u,lateral,apical,voiced,oral_labial,,P,L,internal,2,S EY1,P UH1 L,AH0 G EH1 N,487.7,757.4,470.9,701.4,457.5,676.3,448.8,661.8,433.9,655.4,5
UT_000,Low,OW,1,SAY,KNOW,AGAIN,598.9,1342.6,2602.8,1.060556863,-1.097532929,33.9,116.6,329.3,232.392,232.352,232.632,0.28,owF,,,,nasal_apical,,N,AH0,final,2,S EY1,N OW1,AH0 G EH1 N,599.7,1339.8,622.7,1101.9,545.1,879.7,464.3,932.5,537,1252.8,6
UT_000,Low,AH,1,SAY,PRODUCTION,AGAIN,598.6,1544.4,2965.9,1.056966692,-0.3795189186,45.3,414.1,2187.7,234.619,234.596,234.666,0.07,uh,stop,velar,voiceless,oral_apical,complex_one_syl,D,K,internal,5,S EY1,P R AH0 D AH1 K SH AH0 N,AH0 G EH1 N,565.1,1528.7,582.4,1523.6,619.6,1601.6,611.3,1697.4,598.2,1669.2,4
UT_000,Low,AH,0,SAY,PRODUCTION,AGAIN,587.5,1699,2152.9,0.9241303905,0.1705552438,92.8,214.8,477,234.856,234.836,234.896,0.06,uh,nasal,apical,voiced,palatal,,SH,N,internal,8,S EY1,P R AH0 D AH1 K SH AH0 N,AH0 G EH1 N,563,1738,565.4,1734.2,598.6,1654.5,590.3,1609.6,586.4,1606.9,6
UT_000,Low,IH,0,SAY,RESPONSE,AGAIN,348.3,1944.2,3102.7,-1.938432079,1.042988521,57.8,78.6,1415.2,236.866,236.843,236.913,0.07,i,fricative,apical,voiceless,liquid,complex_one_syl,R,S,internal,2,S EY1,R IH0 S P AA1 N S,AH0 G EH1 N,357.3,1865.2,352.5,1902,349.4,2015.4,388.6,2054.4,517.2,2194.5,4
UT_000,Low,AA,1,SAY,RESPONSE,AGAIN,649.5,982.1,2472,1.666098923,-2.380209097,139,156.1,763.8,237.123,237.093,237.183,0.09,o,nasal,apical,voiced,oral_labial,complex_coda,P,N,internal,5,S EY1,R IH0 S P AA1 N S,AH0 G EH1 N,635.2,947.1,651.6,977.7,645.8,953,650.9,981.9,651.5,1030.7,6
UT_000,Low,OW,1,SAY,CLOTHES,AGAIN,482.7,1036.3,2790.4,-0.3300357751,-2.187362916,43.8,100.9,413.7,239.34,239.331,239.481,0.15,ow,fricative,interdental,voiced,obstruent_liquid,complex_coda,L,DH,internal,3,S EY1,K L OW1 DH Z,AH0 G EH1 N,483.3,1033.5,474.3,981,449.1,966.7,413.6,942.9,393.1,972.7,6
UT_000,Low,AY,0,SAY,IDENTIFICATION,AGAIN,609.2,1588,2459.9,1.183819377,-0.2243880423,31,486.4,666.7,241.463,241.443,241.523,0.08,ay,stop,apical,voiced,,two_fol_syl,EY1,D,initial,1,S EY1,AY0 D EH2 N T AH0 F AH0 K EY1 SH AH0 N,AH0 G EH1 N,518.9,1774.1,579.9,1686.2,605.1,1573.1,552.7,1700.2,471.9,1745.3,5
UT_000,Low,AH,0,SAY,IDENTIFICATION,AGAIN,446.5,1569.2,2956.9,-0.7632496605,-0.2912793376,91.3,249.4,702.2,241.763,241.743,241.803,0.06,uh,fricative,labiodental,voiceless,oral_apical,two_fol_syl,T,F,internal,6,S EY1,AY0 D EH2 N T AH0 F AH0 K EY1 SH AH0 N,AH0 G EH1 N,441.7,1585.9,443.3,1584,454.2,1645.6,490.5,1894.5,493,1909,4
UT_000,Low,AH,0,SAY,IDENTIFICATION,AGAIN,434.2,1595.8,2159.8,-0.9104466436,-0.1966352708,80.1,127.4,137.4,241.883,241.863,241.923,0.06,uh,stop,velar,voiceless,oral_labial,two_fol_syl,F,K,internal,8,S EY1,AY0 D EH2 N T AH0 F AH0 K EY1 SH AH0 N,AH0 G EH1 N,495.2,1558.2,480.7,1560.1,407.5,1657.5,366.6,1715.7,361.4,1724.9,6
UT_000,Low,EY,1,SAY,IDENTIFICATION,AGAIN,421.7,1919.7,2479.5,-1.060037074,0.9558163542,73.4,294.3,435.3,242.055,242.043,242.163,0.12,ey,fricative,palatal,voiceless,velar,one_fol_syll,K,SH,internal,10,S EY1,AY0 D EH2 N T AH0 F AH0 K EY1 SH AH0 N,AH0 G EH1 N,421.7,1919.7,402.3,1967.2,387.8,1967,373.1,1980.8,433.5,1936.6,5
UT_000,Low,AH,0,SAY,IDENTIFICATION,AGAIN,538.3,1678.1,2380.2,0.3353424578,0.09619204852,89.2,132.7,504.2,242.283,242.263,242.323,0.06,uh,nasal,apical,voiced,palatal,,SH,N,internal,12,S EY1,AY0 D EH2 N T AH0 F AH0 K EY1 SH AH0 N,AH0 G EH1 N,529.4,1704.1,531.5,1701,536.7,1656,504.4,1586.6,497.3,1575.2,6
UT_000,Low,IH,0,SAY,ESCAPE,AGAIN,536.5,1718.8,2555.7,0.3138014359,0.2410045868,123.5,142.9,245,244.457,244.437,244.497,0.06,i,fricative,apical,voiceless,,complex_one_syl,EY1,S,initial,1,S EY1,IH0 S K EY1 P,AH0 G EH1 N,481.2,1589.9,483.5,1586.9,574.2,1687.1,668.4,1671.8,681.1,1676.9,6
UT_000,Low,EY,1,SAY,ESCAPE,AGAIN,477.7,2002.9,2749,-0.3898719471,1.251845916,47.1,115.4,757.6,244.73,244.717,244.827,0.11,ey,stop,labial,voiceless,velar,,K,P,internal,4,S EY1,IH0 S K EY1 P,AH0 G EH1 N,477.3,2002.5,457.7,2023.5,408,2056,382.6,2096.6,402.4,1827.5,5
UT_000,Low,IY,1,SAY,VEHICLE,AGAIN,364.5,2011.7,2737.6,-1.744562882,1.283156735,27.9,119.3,346.7,247.039,247.002,247.112,0.11,iy,fricative,,voiceless,oral_labial,two_fol_syl,V,HH,internal,2,S EY1,V IY1 HH IH0 K AH0 L,AH0 G EH1 N,358.8,2041,363.3,2019.8,370.1,2009.7,384.2,1988.8,390,1978.1,4
UT_000,Low,AH,0,SAY,VEHICLE,AGAIN,604.9,1013,2384.8,1.132360269,-2.270265425,153.4,170.7,745.3,247.312,247.292,247.352,0.06,uh,lateral,apical,voiced,velar,,K,L,internal,6,S EY1,V IY1 HH IH0 K AH0 L,AH0 G EH1 N,665.1,1080.2,659.6,1072.2,520.4,951.1,456.7,860.7,459,854.1,5
UT_000,Low,UH,1,SAY,HOOK,AGAIN,520,1232.8,2258.5,0.1163420682,-1.488206558,279,269.6,157,249.493,249.473,249.533,0.06,u,stop,velar,voiceless,,,HH,K,internal,2,S EY1,HH UH1 K,AH0 G EH1 N,468.2,985.9,467.7,989.2,510.7,1411.5,450.9,1441,443.4,1445,6
UT_000,Low,AA,1,SAY,GOSPEL,AGAIN,664.5,926.7,2385.2,1.84560744,-2.577324935,42.8,260.6,407.4,251.333,251.29,251.42,0.13,o,fricative,apical,voiceless,velar,complex_one_syl,G,S,internal,2,S EY1,G AA1 S P AH0 L,AH0 G EH1 N,591,1335.5,661.1,924.8,667.7,987.5,672.5,1020.9,722.6,1104.8,5
UT_000,Low,AH,0,SAY,GOSPEL,AGAIN,557.4,1176.6,2939.4,0.5639166349,-1.688168834,353.1,1109.2,935,251.607,251.59,251.64,0.05,uh,lateral,apical,voiced,oral_labial,,P,L,internal,5,S EY1,G AA1 S P AH0 L,AH0 G EH1 N,562.3,1227.4,562.3,1227.4,484.7,770.4,431.6,764.9,431.6,764.9,5
UT_000,Low,IH,1,SAY,INTERVAL,,440.1,2077.8,2671.9,-0.8398399607,1.518343683,35.9,293.3,366,253.976,253.943,254.043,0.1,i,nasal,apical,voiced,,complex_two_syl,EY1,N,initial,1,S EY1,IH1 N T ER0 V AH0 L,SP,393.7,1915,418.1,1883.4,482.1,2017.3,479.4,1458.1,558.1,1677.4,6
UT_000,Low,ER,0,SAY,INTERVAL,,496.1,1630,2814.1,-0.169674834,-0.07495004213,78.5,201.9,2246.9,254.136,254.113,254.183,0.07,*hr,fricative,labiodental,voiced,oral_apical,one_fol_syll,T,V,internal,4,S EY1,IH1 N T ER0 V AH0 L,SP,509.7,1695.4,504.7,1673.8,471.4,1521.7,427.4,1431.7,419.7,1459.4,4
UT_000,Low,AE,1,SAY,LAUGH,AGAIN,714.2,1380.6,2570.6,2.440378989,-0.9623271193,25.7,132.4,491.3,256.926,256.883,257.013,0.13,ae,fricative,labiodental,voiceless,liquid,,L,F,internal,2,S EY1,L AE1 F,AH0 G EH1 N,691.3,1327.8,712.5,1373.7,714,1384.7,704.9,1350.5,747.9,1411.4,5
UT_000,Low,AY,1,SAY,VITAMIN,,677.7,1231.6,2228.8,2.003574934,-1.492476215,17.4,184.8,528.8,259.208,259.174,259.284,0.11,ay0,stop,apical,voiceless,oral_labial,two_fol_syl,V,T,internal,2,S EY1,V AY1 T AH0 M AH0 N,SP,485.8,1032.1,640.2,1133.1,665.1,1206.2,670.2,1458.9,608.1,1560.1,6
UT_000,Low,AH,0,SAY,VITAMIN,,468.4,1365.6,2331,-0.501167227,-1.015697834,364.7,198.1,316.4,259.357,259.334,259.404,0.07,uh,nasal,labial,voiced,oral_apical,one_fol_syll,T,M,internal,4,S EY1,V AY1 T AH0 M AH0 N,SP,437.9,1389.1,453.3,1370.3,519.3,1498.5,464.9,1380.6,445.6,1392.2,6
UT_000,Low,AH,0,SAY,VITAMIN,,596.6,1574.9,2507,1.033032224,-0.2709984661,68.7,171.2,449.5,259.511,259.484,259.564,0.08,uh,nasal,apical,voiced,nasal_labial,,M,N,internal,6,S EY1,V AY1 T AH0 M AH0 N,SP,588.9,1520.8,597.6,1546.2,584.4,1577.9,577.3,1565.4,558.1,1547.6,6
UT_000,Low,AO,1,SAY,THOUGHT,AGAIN,666.2,1000.2,2633.6,1.865951738,-2.315808435,37.4,175.1,1144.2,261.967,261.907,262.087,0.18,oh,stop,apical,voiceless,oral_apical,,TH,T,internal,2,S EY1,TH AO1 T,AH0 G EH1 N,635.1,1004.9,666.1,990.6,684.4,1010.3,674.9,1053.9,664.8,1087.3,5
UT_000,Low,AO,1,SAY,SALT,AGAIN,630.5,951.9,2454.3,1.43872147,-2.487662135,35.1,107.7,269.2,264.707,264.67,264.78,0.11,oh,lateral,apical,voiced,oral_apical,complex_coda,S,L,internal,2,S EY1,S AO1 L T,AH0 G EH1 N,577.5,1040.3,619.4,979.1,646.6,908.5,636,829,602.6,776.3,6
UT_000,Low,OY,1,SAY,NOISE,AGAIN,499,871,2069.2,-0.1349698543,-2.775508188,117.7,140,553.4,267.138,267.068,267.278,0.21,oy,fricative,apical,voiced,nasal_apical,,N,Z,internal,2,S EY1,N OY1 Z,AH0 G EH1 N,495.4,992.7,494.7,850.8,518,1206.2,463,747.2,404.5,613.2,6
UT_000,Low,AY,1,SAY,SLICE,AGAIN,644.7,1255.3,2420.6,1.608656198,-1.408150486,22.9,133.6,321.1,269.34,269.335,269.425,0.09,ay0,fricative,apical,voiceless,obstruent_liquid,,L,S,internal,3,S EY1,S L AY1 S,AH0 G EH1 N,621.8,1034.9,643.8,1290,600.5,1255.9,610.3,1695.7,652.7,1772.3,6
UT_000,Low,IY,1,SAY,PEEL,AGAIN,486.5,1648.5,2624.6,-0.2845602843,-0.00912616111,126.9,152.2,233.5,271.577,271.55,271.63,0.08,iy,lateral,apical,voiced,oral_labial,,P,L,internal,2,S EY1,P IY1 L,AH0 G EH1 N,603.5,1712.9,532,1676.2,491.5,1597.2,527.8,1493.7,537.8,1442.4,6
UT_000,Low,AA,1,SAY,DARK,AGAIN,597.8,1464.6,2439.3,1.047392905,-0.6634511189,53.7,390.9,974.3,274.319,274.296,274.366,0.07,ahr,central,apical,voiced,oral_apical,complex_coda,D,R,internal,2,S EY1,D AA1 R K,AH0 G EH1 N,553,1484,575.7,1469.6,626.1,1460.4,649.3,1492.3,652.4,1492.2,4
UT_000,Low,IY,1,SAY,WHEAT,AGAIN,342.4,2343,2933.8,-2.009038762,2.461937913,118.1,174.8,236.7,276.766,276.716,276.866,0.15,iy,stop,apical,voiceless,w/y,,W,T,internal,2,S EY1,W IY1 T,AH0 G EH1 N,338.3,938.7,346.1,2337.1,304.6,2347.7,305,2438.9,356.6,2150.3,5
UT_000,Low,AW,1,SAY,SOUTH,AGAIN,646.2,1162.9,2403.1,1.62660705,-1.736914087,30.9,360.7,348.9,278.932,278.916,279.096,0.18,aw,fricative,interdental,voiceless,oral_apical,,S,TH,internal,2,S EY1,S AW1 TH,AH0 G EH1 N,654.5,1131.3,645.8,1024.7,614.3,978.5,621.6,1059.9,635.9,1086.1,6
UT_000,Low,AO,1,SAY,GLORY,AGAIN,432.8,751.1,2120.8,-0.9272007718,-3.202118098,64.1,178.7,1329.8,281.269,281.239,281.329,0.09,owr,central,apical,voiced,obstruent_liquid,one_fol_syll,L,R,internal,3,S EY1,G L AO1 R IY0,AH0 G EH1 N,414.1,747.5,426.6,742,446.9,801.1,458.1,810.9,465.6,843.5,6
UT_000,Low,IY,0,SAY,GLORY,AGAIN,361.3,2521.4,3715.6,-1.782858032,3.096693609,134.3,348.6,458.2,281.476,281.439,281.549,0.11,iyF,,,,liquid,,R,AH0,final,5,S EY1,G L AO1 R IY0,AH0 G EH1 N,371,2141,362.2,2462.3,366.7,2533.6,395.6,2526.7,417,2528.7,3
UT_000,Low,EH,2,SAY,ECONOMICS,AGAIN,578.5,1656.5,2435,0.8164252808,0.01933821987,35.8,128.9,268.7,287.023,286.993,287.084,0.091,e,stop,velar,voiceless,,two_fol_syl,EY1,K,initial,1,S EY1,EH2 K AH0 N AA1 M IH0 K S,AH0 G EH1 N,493.8,1704.4,551.2,1664.5,601.1,1640.4,572.7,1641.6,571,1683.4,6
UT_000,Low,AH,0,SAY,ECONOMICS,AGAIN,501.5,1653.8,2361.4,-0.1050517683,0.00973149129,86.4,183.2,261.3,287.18,287.163,287.214,0.051,uh,nasal,apical,voiced,velar,two_fol_syl,K,N,internal,3,S EY1,EH2 K AH0 N AA1 M IH0 K S,AH0 G EH1 N,495.9,1681.1,495.9,1681.1,506.8,1612.1,519.2,1583.7,519.2,1583.7,6
UT_000,Low,AA,1,SAY,ECONOMICS,AGAIN,649.4,1135.4,2378.6,1.6649022,-1.834760396,35.4,135.6,1061.7,287.317,287.284,287.384,0.1,o,nasal,labial,voiced,nasal_apical,one_fol_syll,N,M,internal,5,S EY1,EH2 K AH0 N AA1 M IH0 K S,AH0 G EH1 N,632.7,1180.9,647.5,1142.4,647.4,1109.1,635.9,1075.5,604.4,1019.1,6
UT_000,Low,IH,0,SAY,ECONOMICS,AGAIN,519.4,1823.8,3518.7,0.1091617276,0.6145995872,129.1,361.4,996,287.481,287.464,287.514,0.05,i,stop,velar,voiceless,nasal_labial,complex_coda,M,K,internal,7,S EY1,EH2 K AH0 N AA1 M IH0 K S,AH0 G EH1 N,525.4,1727.7,525.4,1727.7,509.8,1851.3,486.8,1901.5,486.8,1901.5,4
UT_000,Low,ER,1,SAY,HURRICANE,AGAIN,482.4,1439.9,3003.9,-0.3336259454,-0.7513348952,39.3,184.4,971.9,289.776,289.743,289.843,0.1,*hr,,,,,two_fol_syl,HH,AH0,internal,2,S EY1,HH ER1 AH0 K EY2 N,AH0 G EH1 N,514.7,1435.2,490.1,1439.4,472,1426,467.3,1463.7,468.8,1561.5,4
UT_000,Low,AH,0,SAY,HURRICANE,AGAIN,439.2,1706.2,3624.4,-0.8506104716,0.1961731867,50.8,177.2,490.8,289.866,289.843,289.913,0.07,uh,stop,velar,voiceless,liquid,one_fol_syll,ER1,K,internal,3,S EY1,HH ER1 AH0 K EY2 N,AH0 G EH1 N,455.6,1647.3,449.8,1673.2,420.7,1801.8,422.2,1900,430.9,1923.8,3
UT_000,Low,EY,2,SAY,HURRICANE,AGAIN,562.6,2120.5,2943.5,0.6261462538,1.670272317,137.9,332.2,465.5,290.045,290.033,290.123,0.09,ey,nasal,apical,voiced,velar,,K,N,internal,5,S EY1,HH ER1 AH0 K EY2 N,AH0 G EH1 N,562.6,2120.5,547.8,2103.4,496.5,1879.3,461.6,2289.7,455.5,2191.5,5
UT_000,Low,IY,1,SAY,MEDIA,AGAIN,399.3,2367.1,2827.6,-1.328103124,2.547686861,78.1,229.7,350,292.238,292.198,292.318,0.12,iy,stop,apical,voiced,nasal_labial,two_fol_syl,M,D,internal,2,S EY1,M IY1 D IY0 AH0,AH0 G EH1 N,394.8,2291.3,401.6,2360.8,370.9,2370.6,313.8,2421.7,304.4,2214,5
UT_000,Low,IY,0,SAY,MEDIA,AGAIN,301.1,2580.2,4033.9,-2.503285543,3.305906809,74.6,93.2,126.8,292.411,292.378,292.478,0.1,iy,,,,oral_apical,one_fol_syll,D,AH0,internal,4,S EY1,M IY1 D IY0 AH0,AH0 G EH1 N,311.7,2621.7,305.1,2602,296.3,2507.3,326.1,2478.1,381.8,2481.1,3
UT_000,Low,AH,0,SAY,MEDIA,AGAIN,592.5,1540.4,2601,0.9839665625,-0.3937511091,47.6,500.8,302.7,292.561,292.478,292.728,0.25,uh,,,,,,IY0,AH0,final,5,S EY1,M IY1 D IY0 AH0,AH0 G EH1 N,536.6,1639.5,594.9,1551.7,548.4,1459,540.3,1556.1,488.5,1455.9,6
UT_000,Low,EH,1,SAY,TELL,AGAIN,601.3,1494.1,2668.2,1.089278225,-0.5584887141,56.9,270.2,627.2,295.075,295.038,295.148,0.11,e,lateral,apical,voiced,oral_apical,,T,L,internal,2,S EY1,T EH1 L,AH0 G EH1 N,605,1615,601.2,1514.6,601,1411.6,602.1,1276.7,577.8,1139.1,4
UT_000,Low,AE,1,SAY,PAL,AGAIN,709.9,1232.1,2801.8,2.388919881,-1.490697191,30.4,321.4,376.4,302.108,302.075,302.175,0.1,ae,lateral,apical,voiced,oral_labial,,P,L,internal,2,S EY1,P AE1 L,AH0 G EH1 N,709.8,1339.4,709.5,1261.2,711.6,1129.5,688.1,1058.6,663.3,1052.8,4
UT_000,Low,AH,1,SAY,CHUCKLE,AGAIN,645.9,1180.4,2054.1,1.62301688,-1.674648253,33.3,233.2,386.9,304.384,304.367,304.417,0.05,uh,stop,velar,voiceless,palatal,one_fol_syll,CH,K,internal,2,S EY1,CH AH1 K AH0 L,AH0 G EH1 N,646.5,1207.9,646.5,1207.9,644.9,1160.4,630,1159.2,630,1159.2,6
UT_000,Low,AH,0,SAY,CHUCKLE,AGAIN,507.3,1031,2550.1,-0.03564180873,-2.206220568,225.2,163.6,689.6,304.524,304.507,304.557,0.05,uh,lateral,apical,voiced,velar,,K,L,internal,4,S EY1,CH AH1 K AH0 L,AH0 G EH1 N,504.2,1034.5,504.2,1034.5,465.7,984.6,481.1,909.8,481.1,909.8,6
UT_000,Low,IY,1,SAY,SQUEEZE,AGAIN,318.8,2479.3,4003.8,-2.291465494,2.946899804,78.4,267.5,494.9,306.979,306.932,307.072,0.14,iy,fricative,apical,voiced,w/y,,W,Z,internal,4,S EY1,S K W IY1 Z,AH0 G EH1 N,336.7,2253.2,321.9,2467.5,311.1,2536.5,309.3,2470.6,306.5,2259.3,3
UT_000,Low,ER,1,SAY,CLERK,AGAIN,500.1,1618.1,,-0.1218058964,-0.1172908088,58.3,193.5,None,309.964,309.934,310.024,0.09,*hr,stop,velar,voiceless,obstruent_liquid,,L,K,internal,3,S EY1,K L ER1 K,AH0 G EH1 N,510.9,1536.1,503.6,1592.1,483.9,1567.6,449.6,1502.9,472.9,1574.1,3
UT_000,Low,ER,0,SAY,GARAGE,,429.4,1191.7,3916.7,-0.9678893688,-1.634442315,86.7,213,904.6,316.914,316.854,317.034,0.18,*hr,,,,velar,one_fol_syll,G,AA1,internal,2,S EY1,G ER0 AA1 ZH,SP,432.4,1442,433.7,1219.5,444.4,1182.4,529.6,1354.5,635.4,1517.5,3
UT_000,Low,AA,1,SAY,GARAGE,,645.6,1050.4,2424.4,1.619426709,-2.137194444,19.8,151.7,345.5,317.097,317.034,317.224,0.19,o,fricative,palatal,voiced,liquid,,ER0,ZH,internal,3,S EY1,G ER0 AA1 ZH,SP,652.5,1065.9,646.2,1049.6,635.5,1158,474.8,1128.1,622.3,1264.8,6
UT_000,Low,AO,1,SAY,LAWYER,AGAIN,472.3,865.2,2694,-0.4544950129,-2.796144864,24.2,87.5,1176.4,321.153,321.116,321.226,0.11,oh,,palatal,voiced,liquid,one_fol_syll,L,Y,internal,2,S EY1,L AO1 Y ER0,AH0 G EH1 N,447.1,778.5,468.6,842.7,480.8,926.6,472,1105.3,454.8,1343.7,6
UT_000,Low,ER,0,SAY,LAWYER,AGAIN,455,1538.5,3730.2,-0.661528168,-0.4005113996,70.2,108.7,618.3,321.336,321.296,321.416,0.12,*hr,,,,w/y,,Y,AH0,final,4,S EY1,L AO1 Y ER0,AH0 G EH1 N,420.1,1819.4,453.2,1555.9,449,1551.4,466.3,1626.1,470.9,1687.7,3
UT_000,Low,AA,1,SAY,GOLF,AGAIN,576,1015.8,2814,0.7865071948,-2.260302892,32.8,89.9,565.2,323.403,323.376,323.456,0.08,o,lateral,apical,voiced,velar,complex_coda,G,L,internal,2,S EY1,G AA1 L F,AH0 G EH1 N,545.2,1124.8,565.8,1055.5,583.2,952.5,585.2,871.4,581.5,845.8,6
UT_000,Low,OW,1,SAY,FOCUS,AGAIN,503.9,1032.4,2376.3,-0.0763304057,-2.201239302,35.8,74.3,327.4,325.333,325.325,325.395,0.07,ow,stop,velar,voiceless,oral_labial,one_fol_syll,F,K,internal,2,S EY1,F OW1 K AH0 S,AH0 G EH1 N,503.9,1032.4,504.2,1033.8,490.1,1021.3,458.1,976.9,449.7,968.7,6
UT_000,Low,AH,0,SAY,FOCUS,AGAIN,441.3,1613.4,2511.4,-0.8254792794,-0.1340136327,21.9,528.8,246.1,325.522,325.495,325.575,0.08,uh,fricative,apical,voiceless,velar,,K,S,internal,4,S EY1,F OW1 K AH0 S,AH0 G EH1 N,416.4,1720.9,431.9,1686.5,457.5,1461,574.7,1535.6,635.1,1593.2,6
UT_000,Low,AH,0,SAY,OCCUR,AGAIN,418.1,1680.1,2505.1,-1.103119118,0.1033081438,36.7,349.7,212.2,327.348,327.298,327.447,0.149,uh,stop,velar,voiceless,,one_fol_syll,EY1,K,initial,1,S EY1,AH0 K ER1,AH0 G EH1 N,394.2,1855.7,423.7,1731.8,508.2,1486.7,482.3,1477.1,462.7,1550.8,6
UT_000,Low,ER,1,SAY,OCCUR,AGAIN,453.1,1485.8,3724,-0.6842659134,-0.5880205093,33.1,231.6,449.5,327.671,327.618,327.777,0.159,*hr,,,,velar,,K,AH0,final,3,S EY1,AH0 K ER1,AH0 G EH1 N,472.4,1564.5,454.2,1492.6,448.8,1512.5,459.7,1525.4,458.1,1703.5,3
UT_000,Low,AA,1,SAY,STOP,AGAIN,664.5,1157.8,2532.9,1.84560744,-1.75506013,36.5,98,216.6,329.883,329.84,329.97,0.13,o,stop,labial,voiceless,oral_apical,,T,P,internal,3,S EY1,S T AA1 P,AH0 G EH1 N,628.1,1240.2,658.3,1162.3,695,1115.3,657.2,1024.3,655.2,1001.8,6
UT_000,Low,AO,1,SAY,SAUCE,AGAIN,641.6,889.4,3107.4,1.571557772,-2.710040112,44.7,201.1,861.1,332.291,332.244,332.384,0.14,oh,fricative,apical,voiceless,oral_apical,,S,S,internal,2,S EY1,S AO1 S,AH0 G EH1 N,569.3,997.9,637.6,903.6,666.5,927.9,688.6,951.2,803.3,1034.8,5
UT_000,Low,IH,0,SAY,MUSIC,AGAIN,449.6,1644.2,2518.1,-0.7261512338,-0.02442576589,26.1,145.5,169.4,334.753,334.73,334.8,0.07,i,stop,velar,voiceless,oral_apical,,Z,K,internal,5,S EY1,M Y UW1 Z IH0 K,AH0 G EH1 N,440.8,1610.8,444.5,1625.8,448.5,1688.8,413.9,1796.3,393,1815.4,6
UT_000,Low,AA,1,SAY,OXYGEN,AGAIN,688.8,940.4,2452.7,2.136411236,-2.528579683,55.5,221.3,481.2,336.843,336.786,336.956,0.17,o,stop,velar,voiceless,,complex_two_syl,EY1,K,initial,1,S EY1,AA1 K S AH0 JH AH0 N,AH0 G EH1 N,595.1,1324.1,685.3,953.6,686.3,969.1,690.1,973.5,660.5,1158.7,6
UT_000,Low,AH,0,SAY,OXYGEN,AGAIN,413.5,1609.3,2611.3,-1.158168396,-0.1486016279,32.2,172.2,297.7,337.113,337.086,337.166,0.08,uh,affricate,palatal,voiced,oral_apical,one_fol_syll,S,JH,internal,4,S EY1,AA1 K S AH0 JH AH0 N,AH0 G EH1 N,413,1584.9,414.5,1584.2,398.2,1627.4,358.1,1641.9,343.1,1518.3,6
UT_000,Low,AH,0,SAY,OXYGEN,AGAIN,538.5,1729.8,2396.8,0.3377359047,0.2801431106,84.2,258.5,375.6,337.286,337.256,337.346,0.09,uh,nasal,apical,voiced,palatal,,JH,N,internal,6,S EY1,AA1 K S AH0 JH AH0 N,AH0 G EH1 N,463.1,1790.2,519,1736.8,559.6,1718,555.1,1719.1,518.4,1470.4,6
UT_000,Low,IY,1,SAY,MEAL,AGAIN,487.7,1835.5,2923.1,-0.270199603,0.6562287443,57.6,97.4,193.6,339.597,339.56,339.67,0.11,iy,lateral,apical,voiced,nasal_labial,,M,L,internal,2,S EY1,M IY1 L,AH0 G EH1 N,453.5,1894.8,481.4,1857.9,503.7,1752.1,537.1,1571.3,563.6,1221.2,5
UT_000,Low,EY,1,,TRAIN,AGAIN,534.8,1871.8,3077.4,0.2934571374,0.7853858731,127.1,156.6,2259.8,342.694,342.682,342.742,0.06,ey,nasal,apical,voiced,obstruent_liquid,,R,N,internal,3,SP,T R EY1 N,AH0 G EH1 N,534.8,1871.8,533.2,1878.2,511.2,1983.3,487.2,2015.5,483.6,2014.7,4
UT_000,Low,AA,1,SAY,PALM,,615.3,767.1,2142.6,1.256819507,-3.145189336,105.9,54.2,452.6,345.331,345.268,345.458,0.19,o,nasal,labial,voiced,oral_labial,,P,M,internal,2,S EY1,P AA1 M,SP,620.6,824.4,619.6,767.5,602.9,748.4,567,733.5,506.8,729,6
UT_000,Low,EH,1,SAY,QUESTION,,598,1738.6,,1.049786352,0.3114539297,55.1,588.4,None,347.738,347.715,347.785,0.07,e,fricative,apical,voiceless,w/y,complex_one_syl,W,S,internal,3,S EY1,K W EH1 S CH AH0 N,SP,593.2,1637.4,597,1699.6,590,1797.8,639.3,1694.2,672.1,1712,3
UT_000,Low,AH,0,SAY,QUESTION,,501.2,1609.7,2454.5,-0.1086419386,-0.1471784089,44.4,126.4,215.7,348.032,348.005,348.085,0.08,uh,nasal,apical,voiced,palatal,,CH,N,internal,6,S EY1,K W EH1 S CH AH0 N,SP,432.7,1621,467,1611.9,561,1596.3,561.1,1597.3,545.3,1600.8,6
UT_000,Low,IH,0,SAY,WITHDRAW,,428.1,1146,2451.4,-0.9834467735,-1.797045092,28.8,375.2,258.1,350.604,350.587,350.637,0.05,i,fricative,interdental,voiced,w/y,complex_one_syl,W,DH,internal,2,S EY1,W IH0 DH D R AO1,SP,426.1,1114.9,426.1,1114.9,433.5,1229.1,448.8,1335.4,448.8,1335.4,6
UT_000,Low,AO,1,SAY,WITHDRAW,,673.5,1009.4,3128.3,1.953312549,-2.283074397,57.1,184.2,268.5,350.957,350.867,351.137,0.27,oh,,,,obstruent_liquid,,R,SP,final,6,S EY1,W IH0 DH D R AO1,SP,659.4,1101.1,672.8,1010.4,679.9,1014.3,663.5,1022.2,644.7,1129.7,4
UT_000,Low,EY,1,SAY,CLAIM,,523.3,2053.3,2827.2,0.1558339417,1.431171517,128.6,306.6,396.8,353.24,353.173,353.323,0.15,ey,nasal,labial,voiced,obstruent_liquid,,L,M,internal,3,S EY1,K L EY1 M,SP,516.7,1341.3,509.4,1980.9,520.8,2094.9,532.9,2162.8,520.6,1620.1,5
UT_000,Low,ER,1,SAY,HERB,AGAIN,483.1,1489.3,4112.6,-0.3252488813,-0.5755673427,59.3,126.8,1361.2,359.273,359.2,359.42,0.22,*hr,stop,labial,voiced,,,EY1,B,initial,1,S EY1,ER1 B,AH0 G EH1 N,475.3,1869.2,483.7,1483.5,463.4,1443.8,447.5,1445.9,425.8,1437.2,3
UT_000,Low,AA,1,SAY,CARD,AGAIN,610.8,1020.5,1866.2,1.202966952,-2.243580068,90.6,119,219,361.326,361.299,361.379,0.08,ahr,central,apical,voiced,velar,complex_coda,K,R,internal,2,S EY1,K AA1 R D,AH0 G EH1 N,666.5,1019.1,630.9,1007.8,598.9,1050.5,595.8,1071.2,599.9,1099.2,6
UT_000,Low,IH,2,SAY,INSURANCE,,467.6,2012.2,2946,-0.5107410146,1.284935759,62.8,504.9,833.7,363.573,363.553,363.613,0.06,i,nasal,apical,voiced,,complex_two_syl,EY1,N,initial,1,S EY1,IH2 N SH UH1 R AH0 N S,SP,454.7,2125.8,455.2,2110.9,485,1876,497.2,1804,495.3,1806.4,5
UT_000,Low,UH,1,SAY,INSURANCE,,436.8,1492.7,2082.5,-0.8793318342,-0.5634699807,88,117.7,1315.1,363.856,363.833,363.903,0.07,uwr,central,apical,voiced,palatal,one_fol_syll,SH,R,internal,4,S EY1,IH2 N SH UH1 R AH0 N S,SP,420.9,1558.2,428.3,1518.5,460.6,1505.9,520.1,1511.5,533.7,1505.6,5
UT_000,Low,AH,0,SAY,INSURANCE,,590.5,1651.5,2727.8,0.9600320937,0.001547981758,102.9,263.5,618.9,363.963,363.943,364.003,0.06,uh,nasal,apical,voiced,liquid,complex_coda,R,N,internal,6,S EY1,IH2 N SH UH1 R AH0 N S,SP,574.9,1588.7,576.4,1592.5,588.4,1685.8,535.6,1687.5,525.7,1673.6,5
UT_000,Low,AE,1,SAY,TANK,,605,1890.3,2716.4,1.133556993,0.8512097541,94.9,198.8,395.3,365.762,365.745,365.795,0.05,ae,nasal,velar,voiced,oral_apical,complex_coda,T,NG,internal,2,S EY1,T AE1 NG K,SP,640.6,1879.8,640.6,1879.8,565.2,1900.3,545.6,1934.5,545.6,1934.5,5
UT_000,Low,AA,1,SAY,OPERATOR,AGAIN,671.7,1035,2580.9,1.931771527,-2.191988378,37.1,136.3,302.1,370.294,370.257,370.367,0.11,o,stop,labial,voiceless,,two_fol_syl,EY1,P,initial,1,S EY1,AA1 P ER0 EY2 T ER0,AH0 G EH1 N,652.2,1129.1,668.1,1051.9,646.3,948.6,655,967.8,676.4,1069.2,6
UT_000,Low,ER,0,SAY,OPERATOR,AGAIN,418.2,1375.3,3408.8,-1.101922394,-0.9811847717,68.4,208.2,1279.4,370.514,370.477,370.587,0.11,*hr,,,,oral_labial,two_fol_syl,P,EY2,internal,3,S EY1,AA1 P ER0 EY2 T ER0,AH0 G EH1 N,421.2,1247.7,415.8,1316.2,417.2,1546.9,410.8,1651.6,409.9,1803.6,4
UT_000,Low,EY,2,SAY,OPERATOR,AGAIN,439.6,1827.1,2220,-0.8458235779,0.6263411443,38.8,193.1,1212.1,370.616,370.587,370.647,0.06,ey,stop,apical,voiceless,liquid,one_fol_syll,ER0,T,internal,4,S EY1,AA1 P ER0 EY2 T ER0,AH0 G EH1 N,418.2,1804.5,419.1,1809.9,440.3,1823.6,427.7,1736.9,424.1,1722.4,6
UT_000,Low,ER,0,SAY,OPERATOR,AGAIN,448.3,1579.8,3443.6,-0.7417086385,-0.2535640328,60.4,128.5,816.1,370.734,370.697,370.807,0.11,*hr,,,,oral_apical,,T,AH0,final,6,S EY1,AA1 P ER0 EY2 T ER0,AH0 G EH1 N,432.9,1702,444.1,1609.7,454.4,1515.1,451.9,1499.3,447.2,1523.8,4
UT_000,Low,AE,1,SAY,DRAGON,AGAIN,683.7,1634.5,3083.3,2.07537834,-0.05893882783,28,507.1,1043.3,372.573,372.533,372.653,0.12,ae,stop,velar,voiced,obstruent_liquid,one_fol_syll,R,G,internal,3,S EY1,D R AE1 G AH0 N,AH0 G EH1 N,628.8,1704.2,679.3,1650.6,684,1879.7,621,1940.1,449.1,1961.8,4
UT_000,Low,AH,0,SAY,DRAGON,AGAIN,509.6,1881.6,2332.6,-0.008117169598,0.8202547398,39,239.5,591.6,372.753,372.723,372.813,0.09,uh,nasal,apical,voiced,velar,,G,N,internal,5,S EY1,D R AE1 G AH0 N,AH0 G EH1 N,486.9,1646.1,495.6,1922.4,546.6,1780.8,560,1653.5,546.9,1614.5,6
UT_000,Low,ER,0,SAY,ANCHOR,AGAIN,450.6,1508.7,3801.2,-0.7141839994,-0.5065412188,43.3,156.7,976,374.884,374.844,374.964,0.12,*hr,,,,velar,,K,AH0,final,4,S EY1,AE1 NG K ER0,AH0 G EH1 N,447.3,1571.8,452.6,1495.2,445.1,1579.4,457.1,1560.6,465.1,1679.1,3
UT_000,Low,UW,1,SAY,ENTHUSIASM,AGAIN,365.3,1434.1,2403.9,-1.734989094,-0.7719715714,51.2,286.5,149,376.613,376.576,376.686,0.11,uw,fricative,apical,voiced,oral_apical,two_fol_syl,TH,Z,internal,4,S EY1,IH0 N TH UW1 Z IY0 AE2 Z AH0 M,AH0 G EH1 N,377,1501.6,366.5,1453.3,358.6,1398.9,338,1456.2,330.7,1482.6,6
UT_000,Low,IY,0,SAY,ENTHUSIASM,AGAIN,362,2440.7,4258.9,-1.774480968,2.809559166,130.6,217.5,940.9,376.839,376.806,376.906,0.1,iy,,,,oral_apical,two_fol_syl,Z,AE2,internal,6,S EY1,IH0 N TH UW1 Z IY0 AE2 Z AH0 M,AH0 G EH1 N,362.4,2334.7,361.1,2446.8,398.6,2454,495.4,2201.3,577.2,2111.3,3
UT_000,Low,AE,2,SAY,ENTHUSIASM,AGAIN,638.1,1519.8,2549.9,1.529672451,-0.4670468902,33.6,92.7,447.3,376.933,376.906,376.986,0.08,ae,fricative,apical,voiced,,one_fol_syll,IY0,Z,internal,7,S EY1,IH0 N TH UW1 Z IY0 AE2 Z AH0 M,AH0 G EH1 N,627.8,1638.3,637.7,1576.6,651.1,1469.8,640.5,1408,626,1399.7,6
UT_000,Low,AH,0,SAY,ENTHUSIASM,AGAIN,514.4,1332.9,2577.5,0.04932555554,-1.132045991,92.5,335.9,668.6,377.086,377.066,377.126,0.06,uh,nasal,labial,voiced,oral_apical,,Z,M,internal,9,S EY1,IH0 N TH UW1 Z IY0 AE2 Z AH0 M,AH0 G EH1 N,500.2,1343.5,500.5,1340.6,504.1,1362.1,439.1,1071.4,430.3,1031.2,6
UT_000,Low,AH,1,SAY,INSTRUCT,AGAIN,627.7,1544.5,3998,1.405213213,-0.3791631139,54.9,263.3,525.2,379.325,379.308,379.358,0.05,uh,stop,velar,voiceless,obstruent_liquid,complex_coda,R,K,internal,6,S EY1,IH2 N S T R AH1 K T,AH0 G EH1 N,617.3,1514.2,617.3,1514.2,643,1596,619.7,1585,619.7,1585,4
UT_000,Low,UH,1,SAY,GOODNESS,AGAIN,446.4,1650.1,2449.1,-0.7644463839,-0.003433284914,30,101.1,300.7,381.923,381.903,381.963,0.06,u,stop,apical,voiced,velar,complex_one_syl,G,D,internal,2,S EY1,G UH1 D N AH0 S,AH0 G EH1 N,434.6,1671.7,436.8,1668.8,446.1,1637.6,417.6,1644.7,411.5,1644.5,6
UT_000,Low,AH,0,SAY,GOODNESS,AGAIN,594.1,1625.6,2697.4,1.003114138,-0.09060545167,82.2,124.2,488.5,382.123,382.093,382.183,0.09,uh,fricative,apical,voiceless,nasal_apical,,N,S,internal,5,S EY1,G UH1 D N AH0 S,AH0 G EH1 N,563.6,1646.6,586,1635.3,557.2,1434,643.9,1555.3,673.4,1592.2,6
UT_000,Low,AH,0,SAY,ATTEMPT,AGAIN,494.3,1675.1,2556.9,-0.191215856,0.08551790566,35.5,134.3,265.1,383.872,383.842,383.932,0.09,uh,stop,apical,voiceless,,one_fol_syll,EY1,T,initial,1,S EY1,AH0 T EH1 M P T,AH0 G EH1 N,479.8,1713.6,494.4,1684.6,462.4,1651.7,441.3,1669.4,466.5,1683.1,6
UT_000,Low,EH,1,SAY,ATTEMPT,AGAIN,650.5,1600.6,2645.8,1.678066158,-0.1795566422,138.2,105.1,464.8,384.059,384.042,384.092,0.05,e,nasal,labial,voiced,oral_apical,complex_coda,T,M,internal,3,S EY1,AH0 T EH1 M P T,AH0 G EH1 N,670.9,1620.6,670.9,1620.6,623.8,1565.5,607.4,1523.5,607.4,1523.5,6
UT_000,Low,ER,1,SAY,STIR,AGAIN,466.8,1511.3,3835,-0.5203148021,-0.497290295,80.6,174.2,654.4,386.227,386.167,386.347,0.18,*hr,,,,oral_apical,,T,AH0,final,3,S EY1,S T ER1,AH0 G EH1 N,476.9,1632.7,472.2,1505.8,449.1,1475,444.8,1542.1,464.5,1697.5,3
UT_000,Low,UW,1,SAY,ROOF,AGAIN,362.1,1794.9,3820.6,-1.773284244,0.5117720109,48.4,460.2,1367.8,387.907,387.9,387.95,0.05,Tuw,fricative,labiodental,voiceless,liquid,,R,F,internal,2,S EY1,R UW1 F,AH0 G EH1 N,362.1,1794.9,362.1,1794.9,359.8,1781.9,464.2,1984.2,464.2,1984.2,3
UT_000,Low,AA,2,SAY,NOMINEE,AGAIN,657.4,1162.2,2834.7,1.760640075,-1.73940472,87.1,378.5,630.3,391.205,391.175,391.265,0.09,o,nasal,labial,voiced,nasal_apical,two_fol_syl,N,M,internal,2,S EY1,N AA2 M AH0 N IY1,AH0 G EH1 N,632,1297.5,653.7,1204.1,660.6,1116.1,678.7,1103.4,669.3,1055.8,4
UT_000,Low,IY,1,SAY,NOMINEE,AGAIN,377.9,2601.9,3982.1,-1.584201941,3.383116442,58.8,231.7,1224.6,391.532,391.485,391.625,0.14,iyF,,,,nasal_apical,,N,AH0,final,6,S EY1,N AA2 M AH0 N IY1,AH0 G EH1 N,393.8,2459.6,376.9,2541.8,381.3,2713.8,394.7,2552.6,423.7,2239.2,3
UT_000,Low,OW,1,SAY,POLL,AGAIN,440.2,677.3,2711,-0.8386432372,-3.464702012,55.4,61.8,1203,393.292,393.259,393.409,0.15,ow,lateral,apical,voiced,oral_labial,,P,L,internal,2,S EY1,P OW1 L,AH0 G EH1 N,494.8,684.2,447,678.5,453.8,663.5,446.2,653.2,426.4,647.9,5
UT_000,Low,AH,1,SAY,CLUB,AGAIN,569.2,1145,3542.6,0.7051300009,-1.800603139,46,157,432.8,395.645,395.598,395.738,0.14,uh,stop,labial,voiced,obstruent_liquid,,L,B,internal,3,S EY1,K L AH1 B,AH0 G EH1 N,552,1075,567.4,1137.1,562.1,1153.3,524.1,1076.2,444.4,1055.7,5
UT_000,Low,AW,1,SAY,SPOUSE,AGAIN,627,1222,2220.2,1.396836149,-1.526633472,180.4,270,231.1,397.747,397.716,397.865,0.149,aw,fricative,apical,voiceless,oral_labial,,P,S,internal,3,S EY1,S P AW1 S,AH0 G EH1 N,621.9,1362.7,638.6,858.6,640.9,741.2,587.3,768.4,527.3,822.5,6
UT_000,Low,IH,0,SAY,DEPLOY,AGAIN,456.5,1456.4,2481.9,-0.6435773164,-0.6926271094,35.2,398.8,372.7,400.022,399.995,400.075,0.08,i,stop,labial,voiceless,oral_apical,one_fol_syll,D,P,internal,2,S EY1,D IH0 P L OY1,AH0 G EH1 N,434.2,1621.4,443.2,1553.4,457.3,1212.2,436.7,1421.2,413.4,1356.9,6
UT_000,Low,OY,1,SAY,DEPLOY,AGAIN,434.7,1323,2179.6,-0.9044630264,-1.167270662,333.1,185.2,283.2,400.375,400.315,400.495,0.18,oy,,,,obstruent_liquid,,L,AH0,final,5,S EY1,D IH0 P L OY1,AH0 G EH1 N,480.9,952,445.9,1253.9,406.8,1282.2,398.1,1907.5,419.1,1867.4,6
UT_000,Low,IH,0,SAY,BEGIN,AGAIN,294.3,2118.3,2947.8,-2.584662737,1.662444612,63.3,385.3,363.1,402.695,402.668,402.748,0.08,i,stop,velar,voiced,oral_labial,one_fol_syll,B,G,internal,2,S EY1,B IH0 G IH1 N,AH0 G EH1 N,730.2,2213.8,399.7,2166.1,292.5,2120.6,279.7,2051.2,282.2,2210.7,4
UT_000,Low,IH,1,SAY,BEGIN,AGAIN,487.3,1959.8,2636.3,-0.2749864968,1.098494064,59.6,114,244.1,402.901,402.858,402.988,0.13,i,nasal,apical,voiced,velar,,G,N,internal,4,S EY1,B IH0 G IH1 N,AH0 G EH1 N,454.1,2043.4,481.2,1970.8,507.2,1899.7,448.1,1445.6,504.6,1708.2,6
UT_000,Low,AE,2,SAY,ANNIVERSARY,AGAIN,629,1674.7,2595.2,1.420770618,0.08409468661,32,86.2,263.8,405.298,405.278,405.338,0.06,ae,nasal,apical,voiced,,two_fol_syl,EY1,N,initial,1,S EY1,AE2 N AH0 V ER1 S ER0 IY0,AH0 G EH1 N,608.1,1717.3,611,1709.8,634.6,1636.9,626.2,1566,623.9,1555,6
UT_000,Low,AH,0,SAY,ANNIVERSARY,AGAIN,562.4,1510.5,2282.9,0.6237528069,-0.5001367331,64.9,221.4,627.4,405.408,405.388,405.448,0.06,uh,fricative,labiodental,voiced,nasal_apical,two_fol_syl,N,V,internal,3,S EY1,AE2 N AH0 V ER1 S ER0 IY0,AH0 G EH1 N,546.4,1408.5,551.1,1408.1,547.1,1472.6,498.7,1335.4,490.5,1322.4,6
UT_000,Low,ER,1,SAY,ANNIVERSARY,AGAIN,464.2,1448.6,3717.6,-0.5514296115,-0.7203798809,54.7,151,341.6,405.585,405.548,405.658,0.11,*hr,fricative,apical,voiceless,oral_labial,two_fol_syl,V,S,internal,5,S EY1,AE2 N AH0 V ER1 S ER0 IY0,AH0 G EH1 N,474.3,1366.2,468.7,1434.3,456.6,1482.2,534.3,1791.8,1549.8,3082.6,3
UT_000,Low,ER,0,SAY,ANNIVERSARY,AGAIN,406.1,1359.2,2918.2,-1.24672593,-1.038469338,45.3,103.4,1077.5,405.825,405.778,405.918,0.14,*hr,,,,oral_apical,one_fol_syll,S,IY0,internal,7,S EY1,AE2 N AH0 V ER1 S ER0 IY0,AH0 G EH1 N,416,1428.7,406.5,1367.5,397.8,1338.4,391.9,1411.2,400.6,1691.7,4
UT_000,Low,IY,0,SAY,ANNIVERSARY,AGAIN,376.6,1949.3,3131,-1.599759345,1.061134564,27.8,133,505.9,405.955,405.918,406.028,0.11,iyF,,,,liquid,,ER0,AH0,final,8,S EY1,AE2 N AH0 V ER1 S ER0 IY0,AH0 G EH1 N,385.6,1777.7,378.3,1931.8,379.9,1973.8,386,1959,391.7,1940.2,5
UT_000,Low,IH,1,SAY,VISION,,433,1753,2589.6,-0.9248073249,0.3626898155,31.9,128.5,231.8,408.086,408.049,408.159,0.11,i,fricative,palatal,voiced,oral_labial,one_fol_syll,V,ZH,internal,2,S EY1,V IH1 ZH AH0 N,SP,426.8,1742.7,433.5,1754.7,420.2,1752.7,409.4,1745.1,379.6,1738.2,6
UT_000,Low,AH,0,SAY,VISION,,517.1,1663.8,2515.2,0.08163708843,0.04531196752,48.2,114.5,376.7,408.306,408.269,408.379,0.11,uh,nasal,apical,voiced,palatal,,ZH,N,internal,4,S EY1,V IH1 ZH AH0 N,SP,434.7,1704.3,502,1669.3,543.7,1646.6,528.1,1634.5,504.8,1475.1,6
UT_000,Low,UW,1,SAY,NEWS,AGAIN,440.8,1794.4,2520.1,-0.8314628966,0.5099929871,56.6,375.8,887,410.859,410.852,411.052,0.2,Tuw,fricative,apical,voiced,nasal_apical,,N,Z,internal,2,S EY1,N UW1 Z,AH0 G EH1 N,436.5,1801.8,436,1694.5,430.9,1628.7,407.9,1481.8,363.5,1511.1,6
UT_000,Low,AH,1,SAY,JUMP,AGAIN,607.5,1463.5,2714,1.163475079,-0.6673649713,116.5,605.6,201,412.799,412.776,412.846,0.07,uh,nasal,labial,voiced,palatal,complex_coda,JH,M,internal,2,S EY1,JH AH1 M P,AH0 G EH1 N,578.3,1584.4,592.5,1535.4,628.3,1325.4,619.7,1187.2,609.5,1164.8,4
UT_000,Low,IH,1,SAY,FISHING,,472.1,1708.6,2887.4,-0.4568884597,0.204712501,57.3,289.2,889.1,414.834,414.811,414.881,0.07,i,fricative,palatal,voiceless,oral_labial,one_fol_syll,F,SH,internal,2,S EY1,F IH1 SH IH0 NG,SP,458.8,1672.1,464.6,1686.2,468.8,1747.7,461.4,1796.8,490.4,1826.9,4
UT_000,Low,IH,0,SAY,FISHING,,503.4,1822.1,2584.4,-0.0823140229,0.6085509062,111.9,349.2,810,414.988,414.971,415.021,0.05,i,nasal,velar,voiced,palatal,,SH,NG,internal,4,S EY1,F IH1 SH IH0 NG,SP,516.3,1798.9,516.3,1798.9,515.9,1831.1,526.6,1859.8,526.6,1859.8,6
UT_000,Low,EY,1,SAY,SAIL,,623.9,1411.2,2474.4,1.359737723,-0.853450862,26.7,319.9,239.4,417.471,417.422,417.522,0.1,ey,lateral,apical,voiced,oral_apical,,S,L,internal,2,S EY1,S EY1 L,SP,551,1491.2,591,1448.9,624.2,1410.5,498.3,988.6,533.4,1083.4,6
UT_000,Low,UH,1,SAY,BUSH,AGAIN,507.9,1067.1,2758.7,-0.02846146808,-2.077775049,40,139.1,1283.5,420.134,420.097,420.207,0.11,u,fricative,palatal,voiceless,oral_labial,,B,SH,internal,2,S EY1,B UH1 SH,AH0 G EH1 N,487.1,1013.5,504.2,1058.5,520.6,1092.9,526.7,1151.6,540,1228,5
UT_000,Low,AA,1,SAY,OCCUPY,,727.7,1160.5,2432.2,2.601936654,-1.745453401,54.3,227.2,191.1,423.045,422.988,423.158,0.17,o,stop,velar,voiceless,,two_fol_syl,EY1,K,initial,1,S EY1,AA1 K Y AH0 P AY2,SP,618,1275.5,723.7,1187.9,698.8,995.4,688,1006.5,681.2,1168.9,6
UT_000,Low,AY,2,SAY,OCCUPY,,720.2,1108.3,2269.5,2.512182396,-1.931183487,78.7,216.9,270.9,423.475,423.488,423.788,0.3,ay,,,,oral_labial,,P,SP,final,6,S EY1,AA1 K Y AH0 P AY2,SP,677.8,1180.1,643.6,1454.4,638.9,1855.2,662.2,1165.6,654.2,810.2,6
UT_000,Low,OW,1,SAY,THROAT,AGAIN,522.5,1005.1,2059.5,0.1462601542,-2.298374002,47.9,452.3,323.2,425.466,425.459,425.539,0.08,ow,stop,apical,voiceless,obstruent_liquid,,R,T,internal,3,S EY1,TH R OW1 T,AH0 G EH1 N,522.5,1005.1,516,1017.8,509.8,1008.8,499.2,1003,491.8,998.9,5
UT_000,Low,UW,1,SAY,FOOD,AGAIN,351,1162.9,2369.6,-1.906120546,-1.736914087,45.9,389.2,514.3,427.69,427.637,427.797,0.16,uw,stop,apical,voiced,oral_labial,,F,D,internal,2,S EY1,F UW1 D,AH0 G EH1 N,355.8,1176,352.5,1154.5,349.2,1069,356.9,1104.4,353.1,1226.2,5
UT_000,Low,OY,1,SAY,JOY,AGAIN,473.4,935.3,2398.1,-0.441331055,-2.546725726,39.5,135.4,284.7,430.17,430.11,430.29,0.18,oy,,,,palatal,,JH,AH0,final,2,S EY1,JH OY1,AH0 G EH1 N,481.8,1014.4,476.8,922,484.9,1065.1,460.9,1712.3,428.1,1884.5,4
UT_000,Low,EH,2,SAY,VARIATION,,424.5,1825.6,2354.4,-1.026528817,0.6210040729,45.6,164.3,636.1,432.541,432.521,432.581,0.06,e,central,apical,voiced,oral_labial,two_fol_syl,V,R,internal,2,S EY1,V EH2 R IY0 EY1 SH AH0 N,SP,416.3,1846.1,417.5,1845.6,430.9,1779.8,435.5,1658.9,435.6,1614.1,6
UT_000,Low,IY,0,SAY,VARIATION,,349.1,2308.8,3495.5,-1.928858291,2.340252684,142.6,207.2,276.3,432.718,432.671,432.811,0.14,iy,,,,liquid,two_fol_syl,R,EY1,internal,4,S EY1,V EH2 R IY0 EY1 SH AH0 N,SP,359.2,2018.7,347.5,2279.7,358.4,2346.9,374.3,2209.1,415.1,2210.4,3
UT_000,Low,EY,1,SAY,VARIATION,,415.4,1996.6,2547.7,-1.13543065,1.229430216,39.4,134.9,678.8,432.823,432.811,432.901,0.09,ey,fricative,palatal,voiceless,,one_fol_syll,IY0,SH,internal,5,S EY1,V EH2 R IY0 EY1 SH AH0 N,SP,415.4,1996.6,404.9,1987.5,374.5,2017.6,380.6,1907.8,428.5,1779.4,6
UT_000,Low,AH,0,SAY,VARIATION,,484.7,1758.6,2500.9,-0.3061013063,0.3826148822,44.5,129.4,491.6,433.038,433.011,433.091,0.08,uh,nasal,apical,voiced,palatal,,SH,N,internal,7,S EY1,V EH2 R IY0 EY1 SH AH0 N,SP,424.7,1797.9,450.5,1766,522.8,1728.6,524,1684.6,487.8,1489.4,6
UT_000,Low,AE,1,SAY,ASK,AGAIN,738.2,1868,4063.9,2.727592615,0.7718652921,56.9,465.1,1420.8,435.308,435.238,435.448,0.21,ae,fricative,apical,voiceless,,complex_coda,EY1,S,initial,1,S EY1,AE1 S K,AH0 G EH1 N,757.9,1945,735.9,1888.2,770.8,1952.9,765.9,1730.1,773.2,1898,3
UT_000,Low,AH,0,SAY,BANKRUPTCY,AGAIN,554.5,1482.9,2603,0.5292116551,-0.5983388474,72.6,217.1,1045.1,438.1,438.077,438.147,0.07,uh,stop,labial,voiceless,obstruent_liquid,complex_one_syl,R,P,internal,6,S EY1,B AE1 NG K R AH0 P S IY0,AH0 G EH1 N,533.4,1482.7,546.6,1490,566,1496.5,579.3,1558.5,568.8,1611.9,4
UT_000,Low,IY,0,SAY,BANKRUPTCY,AGAIN,375.6,2178,3342.9,-1.61172658,1.874860055,77.3,180.9,664.9,438.37,438.327,438.457,0.13,iyF,,,,oral_apical,,S,AH0,final,9,S EY1,B AE1 NG K R AH0 P S IY0,AH0 G EH1 N,391.6,2108.9,376.9,2201.1,366.5,2140.4,364.2,2087.4,391.3,2130,4
UT_000,Low,IH,1,SAY,PIN,,528.2,1879.2,2687.5,0.2144733903,0.8117154255,80.9,285.1,373.3,440.162,440.119,440.249,0.13,i,nasal,apical,voiced,oral_labial,,P,N,internal,2,S EY1,P IH1 N,SP,561.6,1906.6,527.2,1887.9,509.4,1923.7,506,1872.4,504.9,1779.5,5
UT_000,Low,AH,1,SAY,BROTHER,AGAIN,610.6,1309.8,2173.3,1.200573505,-1.214236891,33.3,336.9,407.2,442.505,442.482,442.552,0.07,uh,fricative,interdental,voiced,obstruent_liquid,one_fol_syll,R,DH,internal,3,S EY1,B R AH1 DH ER0,AH0 G EH1 N,597.2,1268.9,604.9,1294.7,606.4,1337.1,559.1,1325.3,521.5,1197.1,6
UT_000,Low,ER,0,SAY,BROTHER,AGAIN,432.4,1564.2,3459.6,-0.9319876656,-0.3090695757,87.1,122.5,561.8,442.669,442.622,442.762,0.14,*hr,,,,oral_apical,,DH,AH0,final,5,S EY1,B R AH1 DH ER0,AH0 G EH1 N,436.4,1812.2,432.6,1586.8,452.1,1562.7,461,1627.7,468.1,1834.1,3
UT_000,Low,AE,0,SAY,ADVERTISEMENT,AGAIN,608.4,1800.1,3251.7,1.174245589,0.5302738585,48.9,289.1,648.1,447.544,447.514,447.604,0.09,ae,stop,apical,voiced,,complex_two_syl,EY1,D,initial,1,S EY1,AE0 D V ER1 T AH0 Z M AH0 N T,AH0 G EH1 N,586.7,1977.3,608.2,1858.2,627.7,1757.3,623.2,1721.9,614.6,1637.2,4
UT_000,Low,ER,1,SAY,ADVERTISEMENT,AGAIN,452.1,1571.8,2382.9,-0.6962331478,-0.2820284138,81,80,1596.5,447.707,447.684,447.754,0.07,*hr,stop,apical,voiceless,oral_labial,two_fol_syl,V,T,internal,4,S EY1,AE0 D V ER1 T AH0 Z M AH0 N T,AH0 G EH1 N,458.2,1552,456.6,1564.2,445.2,1577.6,385.7,1559.2,368,1551.7,4
UT_000,Low,AH,0,SAY,ADVERTISEMENT,AGAIN,611.4,1639.8,2946.2,1.210147293,-0.04008117543,75.6,205.1,849.3,447.911,447.874,447.984,0.11,uh,fricative,apical,voiced,oral_apical,complex_one_syl,T,Z,internal,6,S EY1,AE0 D V ER1 T AH0 Z M AH0 N T,AH0 G EH1 N,769.1,1579.5,633.1,1610.8,548.7,1710.8,437.5,1974.9,389.7,2002.4,4
UT_000,Low,AH,0,SAY,ADVERTISEMENT,AGAIN,567.4,1526.1,2487.8,0.6835889789,-0.4446311901,89.9,148.8,687.3,448.151,448.134,448.184,0.05,uh,nasal,apical,voiced,nasal_labial,complex_coda,M,N,internal,9,S EY1,AE0 D V ER1 T AH0 Z M AH0 N T,AH0 G EH1 N,554.4,1503.5,554.4,1503.5,569.6,1536.9,581.8,1550.8,581.8,1550.8,6
UT_000,Low,AH,0,SAY,TOMATO,AGAIN,533.1,1640.3,2601.3,0.2731128389,-0.03830215162,146.2,132.9,311.5,450.067,450.05,450.1,0.05,uh,nasal,labial,voiced,oral_apical,two_fol_syl,T,M,internal,2,S EY1,T AH0 M EY1 T OW2,AH0 G EH1 N,552.9,1665.1,552.9,1665.1,507.4,1599.5,450.3,1310.1,450.3,1310.1,6
UT_000,Low,EY,1,SAY,TOMATO,AGAIN,513.1,1868.2,2497.2,0.03376815082,0.7725769016,57.8,261.4,605,450.212,450.2,450.27,0.07,ey,stop,apical,voiceless,nasal_labial,one_fol_syll,M,T,internal,4,S EY1,T AH0 M EY1 T OW2,AH0 G EH1 N,513.1,1868.2,509.1,1891.1,498.4,1907.5,482.3,1869.3,472.7,1847.3,6
UT_000,Low,OW,2,SAY,TOMATO,AGAIN,506,1530.4,2407.3,-0.05119921345,-0.4293315854,52.2,104.8,250.6,450.336,450.32,450.46,0.14,owF,,,,oral_apical,,T,AH0,final,6,S EY1,T AH0 M EY1 T OW2,AH0 G EH1 N,504.9,1542.7,515.2,1300,487.8,1100.4,460.1,1073.2,467,1216.6,6
UT_000,Low,AH,0,SAY,ADULT,AGAIN,494.6,1593.8,2494.2,-0.1876256857,-0.2037513661,38.6,187,357.2,452.519,452.486,452.586,0.1,uh,stop,apical,voiced,,one_fol_syll,EY1,D,initial,1,S EY1,AH0 D AH1 L T,AH0 G EH1 N,456.7,1691.7,481.6,1591.2,497.8,1495.3,471.7,1510.2,442.2,1547,6
UT_000,Low,AH,1,SAY,ADULT,AGAIN,521.6,1028.4,2478.5,0.1354896432,-2.215471492,33.3,105.6,531.2,452.703,452.676,452.756,0.08,uh,lateral,apical,voiced,oral_apical,complex_coda,D,L,internal,3,S EY1,AH0 D AH1 L T,AH0 G EH1 N,501.4,1130.4,514.7,1080.4,523.6,926.8,516,826.5,506.9,805.4,6
UT_000,Low,OY,1,SAY,COIN,AGAIN,511.6,812.6,2148.5,0.01581729921,-2.983298169,109.7,129,431.3,454.922,454.859,455.049,0.19,oy,nasal,apical,voiced,velar,,K,N,internal,2,S EY1,K OY1 N,AH0 G EH1 N,506.7,814.8,511.3,808.3,528.7,1035.7,499.2,691.2,473.5,679.8,6
UT_000,Low,AE,1,SAY,AUNT,AGAIN,560.3,2270.2,3285.7,0.5986216147,2.202912046,67.9,313.7,519.8,457.132,457.079,457.239,0.16,ae,nasal,apical,voiced,,complex_coda,EY1,N,initial,1,S EY1,AE1 N T,AH0 G EH1 N,540.4,2332.8,555.5,2277.2,579.5,2158.3,595.7,2046.1,609.5,1984,4
UT_000,Low,IH,0,SAY,EMERGE,AGAIN,515,1576.9,2306.8,0.05650589618,-0.2638823709,24.9,169,166.3,459.489,459.462,459.542,0.08,i,nasal,labial,voiced,,one_fol_syll,EY1,M,initial,1,S EY1,IH0 M ER1 JH,AH0 G EH1 N,480.1,1656.7,503.1,1615.8,544.4,1509.2,546.9,1398.7,558,1332.4,6
UT_000,Low,ER,1,SAY,EMERGE,AGAIN,452.8,1421.1,3627.7,-0.6878560837,-0.8182261905,39.1,144.5,1316.1,459.745,459.692,459.852,0.16,*hr,affricate,palatal,voiced,nasal_labial,,M,JH,internal,3,S EY1,IH0 M ER1 JH,AH0 G EH1 N,545.5,1404.3,458.9,1400.5,436.3,1608.1,402.9,1861,401.1,1878.1,3
UT_000,Low,AW,1,SAY,SHOUT,AGAIN,642,1533.6,2646.3,1.576344665,-0.417945833,42.6,374.6,484.9,461.938,461.913,462.043,0.13,aw,stop,apical,voiceless,palatal,,SH,T,internal,2,S EY1,SH AW1 T,AH0 G EH1 N,609,1662.5,672.1,1445.6,672.3,1267.3,635.3,1140.1,590.4,1133.2,4
UT_000,Low,OY,1,,OIL,AGAIN,550.8,878.3,2921.2,0.4849328878,-2.74953444,129.1,296,412.8,464.085,463.998,464.258,0.26,oy,lateral,apical,voiced,,,SP,L,initial,1,SP,OY1 L,AH0 G EH1 N,513,864,533.4,874,519,1355.7,425.4,1904.8,497.6,1398.9,4
UT_000,Low,AE,1,SAY,BARREL,AGAIN,504.7,1777.1,2473.7,-0.06675661818,0.4484387632,81.6,192.4,745.4,466.551,466.534,466.584,0.05,ae,central,apical,voiced,oral_labial,one_fol_syll,B,R,internal,2,S EY1,B AE1 R AH0 L,AH0 G EH1 N,500.6,1784.2,500.6,1784.2,512.3,1760.4,513.8,1683,513.8,1683,4
UT_000,Low,AH,0,SAY,BARREL,AGAIN,522.5,1127.6,3099.9,0.1462601542,-1.862513168,51.2,264.9,555.9,466.724,466.704,466.764,0.06,uh,lateral,apical,voiced,liquid,,R,L,internal,4,S EY1,B AE1 R AH0 L,AH0 G EH1 N,517.5,1218.8,518.6,1209.4,521.1,1022.9,508.9,924.1,507.4,917.4,5
UT_000,Low,EH,1,SAY,EXIT,AGAIN,552.9,1734.3,2343.5,0.5100640801,0.2961543249,83.4,122.9,420.7,468.65,468.597,468.757,0.16,e,stop,velar,voiced,,complex_one_syl,EY1,G,initial,1,S EY1,EH1 G Z IH0 T,AH0 G EH1 N,516,1575.2,532,1755.1,612.2,1721.4,561.6,1774.1,426.1,1872,6
UT_000,Low,IH,0,SAY,EXIT,AGAIN,478.9,1676.7,3264.1,-0.3755112658,0.09121078185,33.4,259.2,982.1,468.91,468.877,468.977,0.1,i,stop,apical,voiceless,oral_apical,,Z,T,internal,4,S EY1,EH1 G Z IH0 T,AH0 G EH1 N,450.3,1913.7,470.4,1754.5,501.1,1619.6,512.3,1721.4,509.1,1719.4,4
UT_000,Low,AH,1,SAY,THUMB,AGAIN,617.9,1182.5,3409.2,1.287934316,-1.667176353,33.3,213.5,319.8,471.273,471.243,471.333,0.09,uh,nasal,labial,voiced,oral_apical,,TH,M,internal,2,S EY1,TH AH1 M,AH0 G EH1 N,595.2,1156.5,615,1161.6,617.9,1192.6,599.4,1145.4,559.5,1080.9,4
UT_000,Low,IY,0,SAY,PIANO,AGAIN,410.2,2573.8,4118.3,-1.197660269,3.283135304,189.8,128.1,458.6,473.404,473.381,473.451,0.07,iy,,,,oral_labial,two_fol_syl,P,AE1,internal,2,S EY1,P IY0 AE1 N OW0,AH0 G EH1 N,408.8,2578.7,407.7,2579,434.1,2526.7,489.3,2381.1,504,2353.9,3
UT_000,Low,AE,1,SAY,PIANO,AGAIN,587.3,1727.9,2813.3,0.9217369436,0.2733828201,41.1,268.7,566.2,473.478,473.451,473.531,0.08,ae,nasal,apical,voiced,,one_fol_syll,IY0,N,internal,3,S EY1,P IY0 AE1 N OW0,AH0 G EH1 N,572.4,1868.7,582.5,1796,599.6,1646.1,611,1470.7,604.8,1487.8,5
UT_000,Low,OW,0,SAY,PIANO,AGAIN,579.9,1342.1,2527.5,0.833179409,-1.099311953,65.4,143,2009.8,473.608,473.601,473.741,0.14,owF,,,,nasal_apical,,N,AH0,final,5,S EY1,P IY0 AE1 N OW0,AH0 G EH1 N,580,1334.9,527.2,1102.3,507.3,1054.8,454.7,1043.5,467.1,1351.3,6
UT_000,Low,UW,1,SAY,FLUID,AGAIN,420.4,1084.2,2791.6,-1.075594478,-2.016932435,24.8,372.8,96.8,475.648,475.641,475.781,0.14,Tuw,,,,obstruent_liquid,one_fol_syll,L,AH0,internal,3,S EY1,F L UW1 AH0 D,AH0 G EH1 N,420.3,1085.6,398.2,999.3,357.8,889.6,363.5,918.4,418.7,1169.8,6
UT_000,Low,AH,0,SAY,FLUID,AGAIN,437,1446.3,2624.5,-0.8769383873,-0.7285633904,27.2,232.9,626.5,475.798,475.781,475.831,0.05,uh,stop,apical,voiced,,,UW1,D,internal,4,S EY1,F L UW1 AH0 D,AH0 G EH1 N,436.9,1415,436.9,1415,433.8,1492.3,424.5,1485.1,424.5,1485.1,6
UT_000,Low,IH,2,SAY,DISAPPEAR,AGIN,408.4,1752.6,2710.4,-1.219201291,0.3612665964,46.2,216.3,286.6,477.799,477.779,477.839,0.06,i,fricative,apical,voiceless,oral_apical,two_fol_syl,D,S,internal,2,S EY1,D IH2 S AH0 P IH1 R,AA0 JH IY1 N,386.1,1782.5,389.2,1779.1,426.5,1694.9,437.8,1650.6,437.3,1643.5,5
UT_000,Low,AH,0,SAY,DISAPPEAR,AGIN,430.2,1532.7,2578,-0.9583155813,-0.4211480758,41.5,160.1,227.7,477.962,477.939,478.009,0.07,uh,stop,labial,voiceless,oral_apical,one_fol_syll,S,P,internal,4,S EY1,D IH2 S AH0 P IH1 R,AA0 JH IY1 N,423.5,1503.8,426.5,1515.1,434.1,1553.5,398.8,1516,378.3,1520.6,6
UT_000,Low,IH,1,SAY,DISAPPEAR,AGIN,396.8,2032.1,2978.5,-1.35802121,1.355740907,89.5,96.5,247.8,478.159,478.139,478.199,0.06,iyr,central,apical,voiced,oral_labial,,P,R,internal,6,S EY1,D IH2 S AH0 P IH1 R,AA0 JH IY1 N,397.9,2070.1,395.1,2063.5,410,1986.7,420.9,1874.4,421.5,1858.9,4
UT_000,Low,IY,1,DISAPPEAR,AGIN,,573.2,1731.5,2540.7,0.7529989385,0.2861917916,58.2,182.8,357.1,478.509,478.469,478.589,0.12,iy,nasal,apical,voiced,palatal,,JH,N,internal,3,D IH2 S AH0 P IH1 R,AA0 JH IY1 N,SP,477,1700.4,569.9,1751.9,575,1721.2,472.4,1451.5,370.3,1271.3,6
UT_000,Low,EH,1,SAY,BEG,AGAIN,566,1639.4,2490.6,0.6668348508,-0.04150439448,51.1,103.9,229.2,481.116,481.073,481.203,0.13,e,stop,velar,voiced,oral_labial,,B,G,internal,2,S EY1,B EH1 G,AH0 G EH1 N,541.4,1561.3,563.2,1625.8,545.2,1698.9,475.6,1843,393.8,1966,6
UT_000,Low,OW,1,SAY,GROCERY,AGAIN,478.6,1456.5,3927.5,-0.3791014361,-0.6922713047,28.9,298.2,429.8,483.405,483.398,483.448,0.05,ow,fricative,apical,voiceless,obstruent_liquid,two_fol_syl,R,S,internal,3,S EY1,G R OW1 S ER0 IY0,AH0 G EH1 N,478.6,1456.5,478.6,1456.5,478.5,1414,507.3,1456.4,507.3,1456.4,3
UT_000,Low,ER,0,SAY,GROCERY,AGAIN,424.3,1331,1600.2,-1.028922264,-1.138806281,78.2,137.5,1354.3,483.641,483.608,483.708,0.1,*hr,,,,oral_apical,one_fol_syll,S,IY0,internal,5,S EY1,G R OW1 S ER0 IY0,AH0 G EH1 N,453.5,1422.4,431.1,1343.8,411.9,1401.9,405.4,1601.4,406.8,1748.4,5
UT_000,Low,IY,0,SAY,GROCERY,AGAIN,381.3,1944.5,3073,-1.543513344,1.044055935,21.3,133.8,275,483.731,483.708,483.778,0.07,iyF,,,,liquid,,ER0,AH0,final,6,S EY1,G R OW1 S ER0 IY0,AH0 G EH1 N,388.3,1931,386.1,1947.3,388.4,1936.7,423.7,1946.8,430,1983.4,4
UT_000,Low,AH,0,SAY,OBSERVE,AGAIN,481.3,1532.4,2669.9,-0.3467899032,-0.4222154901,26.1,342.1,292.8,485.861,485.841,485.901,0.06,uh,stop,labial,voiced,,complex_one_syl,EY1,B,initial,1,S EY1,AH0 B Z ER1 V,AH0 G EH1 N,480.9,1598.1,481.2,1590.2,474.1,1441.9,452.6,1381.4,449.9,1402.1,6
UT_000,Low,ER,1,SAY,OBSERVE,AGAIN,482.2,1682.3,3689.2,-0.3360193923,0.1111358485,100,193.7,839.5,486.118,486.081,486.191,0.11,*hr,fricative,labiodental,voiced,oral_apical,,Z,V,internal,4,S EY1,AH0 B Z ER1 V,AH0 G EH1 N,445.5,1838.1,471.2,1698.2,468.2,1503.2,459.2,1556.4,423.4,1499.9,4
UT_000,Low,OW,1,SAY,SODIUM,AGAIN,487.2,1259.8,2443.9,-0.2761832202,-1.392139272,30,199.5,463.8,488.235,488.228,488.318,0.09,ow,stop,apical,voiced,oral_apical,two_fol_syl,S,D,internal,2,S EY1,S OW1 D IY0 AH0 M,AH0 G EH1 N,487.2,1259.8,481.2,1198.6,458.2,1130.9,438.1,1074.7,432.2,1087.5,6
UT_000,Low,IY,0,SAY,SODIUM,AGAIN,327.6,2222,3662.6,-2.186153831,2.031414151,88.3,178.2,212.3,488.411,488.378,488.478,0.1,iy,,,,oral_apical,one_fol_syll,D,AH0,internal,4,S EY1,S OW1 D IY0 AH0 M,AH0 G EH1 N,356.5,2308.5,331.5,2246.9,328.2,2269.6,395.8,2235.2,448,2208.3,3
UT_000,Low,AH,0,SAY,SODIUM,AGAIN,535.1,1428.3,2911.7,0.2970473077,-0.7926082476,63.5,504.3,504.5,488.508,488.478,488.568,0.09,uh,nasal,labial,voiced,,,IY0,M,internal,5,S EY1,S OW1 D IY0 AH0 M,AH0 G EH1 N,511.9,1604.4,529.5,1476.5,537.9,1319.7,495.5,1182.8,458.5,1143.3,4
UT_000,Low,AE,2,SAY,TATTOO,AGAIN,647.9,1504.3,2361.7,1.646951348,-0.5221966283,31.5,184.2,339.2,490.598,490.568,490.658,0.09,ae,stop,apical,voiceless,oral_apical,one_fol_syll,T,T,internal,2,S EY1,T AE2 T UW1,AH0 G EH1 N,623.9,1292.4,644.6,1485.7,658.4,1526.4,647.8,1522,621,1541.7,6
UT_000,Low,UW,1,SAY,TATTOO,AGAIN,512.8,1686.3,2510.9,0.03017798049,0.125368039,113.6,125.2,459.6,490.819,490.808,490.988,0.18,Tuw,,,,oral_apical,,T,AH0,final,4,S EY1,T AE2 T UW1,AH0 G EH1 N,424.8,1667.4,407.1,1506.9,399.5,1419.6,389.6,1345.4,412.6,1411.1,6
UT_000,Low,AH,0,SAY,UNIVERSE,AGAIN,488.2,1413.2,2772,-0.2642159858,-0.8463347667,88.7,445.4,695.3,493.131,493.111,493.171,0.06,uh,fricative,labiodental,voiced,nasal_apical,one_fol_syll,N,V,internal,4,S EY1,Y UW1 N AH0 V ER2 S,AH0 G EH1 N,480.6,1466.3,482.2,1456.7,493.9,1456.1,492.8,1858.4,488,1900.9,4
UT_000,Low,ER,2,SAY,UNIVERSE,AGAIN,461.7,1447.1,3831.8,-0.5813476975,-0.7257169523,52.2,84.4,1604.1,493.284,493.251,493.351,0.1,*hr,fricative,apical,voiceless,oral_labial,,V,S,internal,6,S EY1,Y UW1 N AH0 V ER2 S,AH0 G EH1 N,456.6,1336,460.9,1408.5,460.3,1536.6,461.7,1564.1,509.9,1676.1,3
UT_000,Low,AW,1,SAY,THOUSAND,AGAIN,668.5,1304.7,2650.9,1.893476377,-1.232382934,25.5,346.4,835.8,495.989,495.959,496.139,0.18,aw,fricative,apical,voiced,oral_apical,one_fol_syll,TH,Z,internal,2,S EY1,TH AW1 Z AH0 N D,AH0 G EH1 N,642.4,1346.8,693.5,1298.1,679.3,1138.4,580.8,902.8,467.3,898.1,5
UT_000,Low,AH,0,SAY,THOUSAND,AGAIN,536.9,1417.3,3553.4,0.3185883296,-0.8317467715,96,267.4,723,496.266,496.239,496.319,0.08,uh,nasal,apical,voiced,oral_apical,complex_coda,Z,N,internal,4,S EY1,TH AW1 Z AH0 N D,AH0 G EH1 N,549.5,1415.5,532.1,1390.3,527.9,1453.5,496.4,1461,498.7,1471.2,4
UT_000,Low,OW,1,SAY,BOWL,AGAIN,478.5,765.5,3374.3,-0.3802981596,-3.150882212,31.5,47.2,169,498.471,498.422,498.662,0.24,ow,lateral,apical,voiced,oral_labial,,B,L,internal,2,S EY1,B OW1 L,AH0 G EH1 N,481.4,790.9,483.3,738.1,478.6,721.2,489.7,714.9,473,701.4,4
UT_000,Low,IH,1,SAY,INCOME,,469.6,2091.5,2829.2,-0.4868065457,1.567088936,47.2,254.1,231.8,501.152,501.115,501.225,0.11,i,nasal,apical,voiced,,complex_one_syl,EY1,N,initial,1,S EY1,IH1 N K AH2 M,SP,398.6,2033.9,452.1,2112.8,482,2122.6,471.4,1930.9,458.7,1822.6,5
UT_000,Low,AH,2,SAY,INCOME,,629.1,1437.2,2508.2,1.421967342,-0.7609416238,26.6,282.6,652.9,501.482,501.455,501.535,0.08,uh,nasal,labial,voiced,velar,,K,M,internal,4,S EY1,IH1 N K AH2 M,SP,638.9,1444.9,630.9,1448,593.8,1344.9,529.5,1111.8,575.1,1205.2,6
UT_000,Low,UH,1,SAY,PUT,,625,1137.6,3022.7,1.372901681,-1.826932692,32.2,206.1,1017.8,503.84,503.787,503.947,0.16,u,stop,apical,voiceless,oral_labial,,P,T,internal,2,S EY1,P UH1 T,SP,591.9,1108.3,620.6,1149.2,619.6,1145.3,609.8,1175.6,610.9,1261.9,5
UT_000,Low,IH,0,SAY,EQUIPMENT,,577.9,2734.4,,0.8092449402,3.854557752,284.6,258.9,None,506.336,506.309,506.389,0.08,i,stop,velar,voiceless,,two_fol_syl,EY1,K,initial,1,S EY1,IH0 K W IH1 P M AH0 N T,SP,599.7,2672.9,588.9,2721.1,315.2,2469.7,285.2,2520.5,269.9,2550.2,3
UT_000,Low,IH,1,SAY,EQUIPMENT,,539.9,1299.7,2339.2,0.3544900328,-1.250173172,18.8,158.3,126,506.582,506.559,506.629,0.07,i,stop,labial,voiceless,w/y,complex_one_syl,W,P,internal,4,S EY1,IH0 K W IH1 P M AH0 N T,SP,520,1211.2,531.2,1251.5,544,1388.5,537,1408.1,528.6,1385.2,6
UT_000,Low,AH,0,SAY,EQUIPMENT,,579.2,1538.9,2451.9,0.8248023449,-0.3990881806,82.6,55.4,512.1,506.752,506.729,506.799,0.07,uh,nasal,apical,voiced,nasal_labial,complex_coda,M,N,internal,7,S EY1,IH0 K W IH1 P M AH0 N T,SP,565.2,1492.3,569.2,1509.6,609,1578.8,612.7,1390.8,609.7,1306.9,6
UT_000,Low,IY,1,SAY,QUEEN,AGAIN,404.7,2593.1,3663.8,-1.263480059,3.351805623,108.5,192.4,323.5,509.402,509.362,509.482,0.12,iy,nasal,apical,voiced,w/y,,W,N,internal,3,S EY1,K W IY1 N,AH0 G EH1 N,412,2515.9,410.4,2673.8,385.5,2599.8,403,2726.8,404.3,2681.6,4
UT_000,Low,IH,0,SAY,DESTROY,AGAIN,392.2,1554.8,2652.6,-1.413070489,-0.3425152234,30.7,218.2,402.7,511.843,511.823,511.883,0.06,i,fricative,apical,voiceless,oral_apical,complex_one_syl,D,S,internal,2,S EY1,D IH0 S T R OY1,AH0 G EH1 N,391.4,1611.4,391.3,1603.6,392.9,1523.7,449.3,1535.6,460.2,1536.2,6
UT_000,Low,OY,1,SAY,DESTROY,AGAIN,490.4,1528.7,2051,-0.2378880702,-0.4353802663,30.9,269.8,399.8,512.176,512.133,512.263,0.13,oy,,,,obstruent_liquid,,R,AH0,final,6,S EY1,D IH0 S T R OY1,AH0 G EH1 N,530.6,1084.8,497.4,1465.2,458.2,1688.1,434,1724.3,429.6,1762,6
UT_000,Low,IH,2,SAY,ILLUSION,AGAIN,491.5,1469.2,2504.6,-0.2247241123,-0.6470840999,24.5,257.9,388.5,514.034,514.011,514.081,0.07,i,lateral,apical,voiced,,two_fol_syl,EY1,L,initial,1,S EY1,IH2 L UW1 ZH AH0 N,AH0 G EH1 N,471.8,1583.8,479.5,1528,507.8,1358.2,503.4,1167.5,494.7,1122.1,5
UT_000,Low,UW,1,SAY,ILLUSION,AGAIN,329.4,1345.1,2952.8,-2.164612809,-1.08863781,35.3,1066.1,933.2,514.238,514.231,514.321,0.09,Tuw,fricative,palatal,voiced,liquid,one_fol_syll,L,ZH,internal,3,S EY1,IH2 L UW1 ZH AH0 N,AH0 G EH1 N,329.4,1345.1,323.6,1154.8,320.9,1023,311.8,1269.8,307,1513.2,5
UT_000,Low,AH,0,SAY,ILLUSION,AGAIN,459.5,1710.4,2397.9,-0.6076756132,0.2111169867,57.3,179.8,462.5,514.431,514.411,514.471,0.06,uh,nasal,apical,voiced,palatal,,ZH,N,internal,5,S EY1,IH2 L UW1 ZH AH0 N,AH0 G EH1 N,428.4,1711.7,432.6,1711.2,494.2,1690.5,517.4,1653.7,518.4,1651.7,6
UT_000,Low,OW,1,SAY,OCEAN,AGAIN,515.1,1064,2319.6,0.05770261962,-2.088804997,30,173.6,179.1,516.51,516.464,516.604,0.14,ow,fricative,palatal,voiceless,,one_fol_syll,EY1,SH,initial,1,S EY1,OW1 SH AH0 N,AH0 G EH1 N,532.6,1322.5,522.7,1112.1,478.4,1008.9,445.7,1071,426.6,1142.3,6
UT_000,Low,AH,0,SAY,OCEAN,AGAIN,522.4,1494.9,2428.3,0.1450634308,-0.555642276,43.8,663.4,455.8,516.774,516.744,516.834,0.09,uh,nasal,apical,voiced,palatal,,SH,N,internal,3,S EY1,OW1 SH AH0 N,AH0 G EH1 N,476,1467.8,501.1,1463.5,528.4,1654.9,478.8,1478,428.7,951.9,6
UT_000,Low,IH,0,SAY,REJECT,AGAIN,363.3,2090.2,2898.4,-1.758923563,1.562463474,108.2,187.7,1381.4,518.717,518.687,518.777,0.09,i,affricate,palatal,voiced,liquid,one_fol_syll,R,JH,internal,2,S EY1,R IH0 JH EH1 K T,AH0 G EH1 N,353.1,1834.6,362.7,2024.7,353.9,2149.2,394.3,2114.1,393.4,2040.4,5
UT_000,Low,EH,1,SAY,REJECT,AGAIN,602.5,1787.3,3787.7,1.103638907,0.4847308489,115.2,199.5,632.2,518.924,518.897,518.977,0.08,e,stop,velar,voiceless,palatal,complex_coda,JH,K,internal,4,S EY1,R IH0 JH EH1 K T,AH0 G EH1 N,542.3,1881.6,573.9,1824.5,618.5,1767,598.3,1778.4,567.1,1761,3
UT_000,Low,UW,1,SAY,TUBE,AGAIN,406.3,1696.4,2475.1,-1.244332484,0.16130432,133.4,151.8,166.1,521.18,521.17,521.35,0.18,Tuw,stop,labial,voiced,oral_apical,,T,B,internal,2,S EY1,T UW1 B,AH0 G EH1 N,375.6,1671.1,367,1539.8,357.6,1457.6,361.2,1441.6,348.8,1316.5,6
UT_000,Low,AW,1,SAY,SCOUT,AGAIN,649.2,2070.3,,1.662508753,1.491658326,51.1,531.3,None,524.523,524.49,524.64,0.15,aw,stop,apical,voiceless,velar,,K,T,internal,3,S EY1,S K AW1 T,AH0 G EH1 N,600.2,1988.1,673.5,2111.4,695,2245.2,670.4,2284.5,627.1,1572.1,3
UT_000,Low,AH,1,SAY,DRUM,AGAIN,638.8,1246.7,2541.5,1.538049515,-1.438749696,32,377.8,409.7,526.918,526.895,526.965,0.07,uh,nasal,labial,voiced,obstruent_liquid,,R,M,internal,3,S EY1,D R AH1 M,AH0 G EH1 N,640.8,1311.5,640.7,1275.6,631.6,1219.9,611.8,1114,602,1060.6,4
UT_000,Low,IY,1,SAY,FEEL,AGAIN,409.9,2082.2,4161.8,-1.20125044,1.533999093,26.1,368.8,720.9,529.18,529.143,529.253,0.11,iy,lateral,apical,voiced,oral_labial,,F,L,internal,2,S EY1,F IY1 L,AH0 G EH1 N,386.5,2211.1,403.8,2085,449,1967.4,508.5,1969,527,1963,3
UT_000,Low,AH,0,SAY,COMPONENT,AGAIN,514.8,1593.6,2662.3,0.0541124493,-0.2044629756,101.1,610,1600.9,531.3,531.283,531.333,0.05,uh,nasal,labial,voiced,velar,complex_two_syl,K,M,internal,2,S EY1,K AH0 M P OW1 N AH0 N T,AH0 G EH1 N,540.8,1678.9,540.8,1678.9,530.6,1471.9,541.5,1038,541.5,1038,4
UT_000,Low,AH,0,SAY,COMPONENT,AGAIN,579.4,1539.2,2702.5,0.8271957918,-0.3980207663,83.6,180.3,708.5,531.653,531.623,531.713,0.09,uh,nasal,apical,voiced,nasal_apical,complex_coda,N,N,internal,7,S EY1,K AH0 M P OW1 N AH0 N T,AH0 G EH1 N,558.7,1485.8,576.8,1525.7,570.2,1570.9,566.8,1590.6,570.9,1595.6,6
UT_000,Low,AE,1,SAY,APPLE,,724.9,1717.2,2994.8,2.568428398,0.2353117106,40.2,273.3,596.7,534.006,533.956,534.106,0.15,ae,stop,labial,voiceless,,one_fol_syll,EY1,P,initial,1,S EY1,AE1 P AH0 L,SP,614.1,1838.6,718.6,1696.4,738.6,1523,766.9,1452.3,759.7,1347.8,4
UT_000,Low,IH,2,SAY,IGNORE,AGAIN,422.8,1888.4,2575.2,-1.046873116,0.8444494636,20.4,170.2,226.5,537.176,537.149,537.229,0.08,i,stop,velar,voiced,,complex_one_syl,EY1,G,initial,1,S EY1,IH2 G N AO1 R,AH0 G EH1 N,417.6,1884.4,421.6,1885.6,419.6,1889.4,402.8,1958.9,375.4,2000.6,6
UT_000,Low,AO,1,SAY,IGNORE,AGAIN,476.7,950.2,2143.2,-0.4018391815,-2.493710816,69.1,97.8,408.9,537.419,537.379,537.499,0.12,owr,central,apical,voiced,nasal_apical,,N,R,internal,4,S EY1,IH2 G N AO1 R,AH0 G EH1 N,404.4,914.2,475.5,972.1,472.9,874.3,479.5,871.5,485.8,919.2,6
UT_000,Low,AY,1,SAY,THRIVE,AGAIN,691.1,1274.3,2178.7,2.163935875,-1.340547582,24.9,190,281.1,539.626,539.595,539.755,0.16,ay,fricative,labiodental,voiced,obstruent_liquid,,R,V,internal,3,S EY1,TH R AY1 V,AH0 G EH1 N,631.1,1120.7,690.9,1276.6,673.4,1495.6,588.1,1688.3,467.3,1735.9,6
UT_000,Low,AE,1,SAY,GRAB,AGAIN,660.4,1955.9,3764.4,1.796541778,1.084617678,46.2,510.2,841.9,542.098,542.041,542.211,0.17,ae,stop,labial,voiced,obstruent_liquid,,R,B,internal,3,S EY1,G R AE1 B,AH0 G EH1 N,625.8,1871.9,658,1918.4,685.2,2050.4,715.1,2083.9,678.4,2560.1,3
UT_000,Low,UW,1,SAY,FOOL,AGAIN,406.6,717.2,3314.7,-1.240742313,-3.322735912,31,91.4,111.6,544.374,544.311,544.501,0.19,uw,lateral,apical,voiced,oral_labial,,F,L,internal,2,S EY1,F UW1 L,AH0 G EH1 N,432.8,729.2,407.6,717.2,403.7,705.2,404.4,704.6,396.3,701.4,4
UT_000,Low,AW,1,SAY,CLOUD,AGAIN,648.7,1289.9,2496.1,1.656525136,-1.285042039,37.5,362,242.1,546.823,546.788,546.978,0.19,aw,stop,apical,voiced,obstruent_liquid,,L,D,internal,3,S EY1,K L AW1 D,AH0 G EH1 N,647.5,1317.4,656.1,832.8,637.4,779.6,584.4,931,492,1050.8,6
UT_000,Low,AY,1,SAY,LIGHTNING,AGAIN,673.6,1395.6,2408.6,1.954509273,-0.9089564049,21.3,274.8,235.9,549.238,549.214,549.314,0.1,ay0,stop,apical,voiceless,liquid,complex_one_syl,L,T,internal,2,S EY1,L AY1 T N IH0 NG,AH0 G EH1 N,563.1,989.4,656.8,1228.9,619.4,1297.4,491.1,1690.9,423.6,2001.1,6
UT_000,Low,IH,0,SAY,LIGHTNING,AGAIN,489,1997.8,2739.9,-0.2546421983,1.233699874,61.4,439.3,281.9,549.441,549.414,549.494,0.08,i,nasal,velar,voiced,nasal_apical,,N,NG,internal,5,S EY1,L AY1 T N IH0 NG,AH0 G EH1 N,444.5,1714.3,473.3,1900.5,482.2,2086.8,465.2,1402.6,463.2,1065.5,5
UT_000,Low,AY,1,SAY,AISLE,AGAIN,727.4,1234.7,2043.8,2.598346484,-1.481446267,33.5,357.8,1900,551.82,551.712,551.982,0.27,ay,lateral,apical,voiced,,,EY1,L,initial,1,S EY1,AY1 L,AH0 G EH1 N,699.2,1233.5,717.9,959.1,717.1,1330.7,569.9,1470.4,469.9,1671,5
UT_000,Low,IH,1,SAY,MILK,AGAIN,503.6,1428,3035.2,-0.07992057602,-0.7936756619,46.2,465.9,954,554.607,554.584,554.654,0.07,i,lateral,apical,voiced,nasal_labial,complex_coda,M,L,internal,2,S EY1,M IH1 L K,AH0 G EH1 N,465.7,1423.6,485.4,1429.2,533.5,1392.3,569,1210.5,573.7,1163.5,4
UT_000,Low,AE,1,SAY,TAG,AGAIN,609.9,1429.5,2228.7,1.192196441,-0.7883385905,243.9,246.3,393,557.094,557.037,557.207,0.17,ae,stop,velar,voiced,oral_apical,,T,G,internal,2,S EY1,T AE1 G,AH0 G EH1 N,633.8,1490.4,583.2,1249,640.5,1570.9,631.5,1584,481.5,1775.9,6
UT_000,Low,AO,1,SAY,PORCH,,420.2,833.6,2230.3,-1.077987925,-2.908579169,131.1,136.1,428.1,559.453,559.43,559.5,0.07,owr,central,apical,voiced,oral_labial,complex_coda,P,R,internal,2,S EY1,P AO1 R CH,SP,498.8,1114.3,469.2,1126.5,432.2,749.1,455.2,805.4,458.8,822.9,5
UT_000,Low,OY,1,SAY,JOIN,AGAIN,459.1,847.8,2135.4,-0.612462507,-2.858054893,94.1,133.5,335.8,562.098,562.041,562.211,0.17,oy,nasal,apical,voiced,palatal,,JH,N,internal,2,S EY1,JH OY1 N,AH0 G EH1 N,483.4,872,461.4,845.8,484.5,929.5,502.2,1345.9,402.5,568.1,6
UT_000,Low,AE,1,SAY,VALUE,AGAIN,653.8,1364.7,2382.3,1.717558031,-1.018900076,23.3,213.5,192.5,564.448,564.418,564.508,0.09,ae,lateral,apical,voiced,oral_labial,one_fol_syll,V,L,internal,2,S EY1,V AE1 L Y UW0,AH0 G EH1 N,598.1,1446.6,639.7,1407.4,664,1216.9,678,1040.6,677.8,1103.9,6
UT_000,Low,UW,0,SAY,VALUE,AGAIN,390.4,1173,2239.2,-1.434611511,-1.700977806,45.2,144.3,162.2,564.718,564.678,564.798,0.12,uw,,,,w/y,,Y,AH0,final,5,S EY1,V AE1 L Y UW0,AH0 G EH1 N,382.1,1527.7,390.4,1245.4,384.4,1065.1,403.2,1093.2,421,1255.4,6
UT_000,Low,AA,1,SAY,PLOT,AGAIN,670.2,946.5,2875.9,1.913820676,-2.506875592,30.9,132.7,616.7,566.836,566.793,566.923,0.13,o,stop,apical,voiceless,obstruent_liquid,,L,T,internal,3,S EY1,P L AA1 T,AH0 G EH1 N,614.7,877.6,663.6,937.2,684.6,988.6,677.6,1062.3,669.4,1154.1,5
UT_000,Low,UW,1,SAY,YOUTH,AGAIN,338.3,1784.1,2419.7,-2.058104423,0.4733450965,66.8,366.5,642.1,569.171,569.141,569.231,0.09,uw,fricative,interdental,voiceless,w/y,,Y,TH,internal,2,S EY1,Y UW1 TH,AH0 G EH1 N,341.1,1906.4,337.2,1818.2,354.5,1788.3,367.4,1753.8,376.5,1589.4,6
UT_000,Low,IH,1,SAY,INPUT,AGAIN,504.2,2053.4,2879.5,-0.07274023538,1.431527321,149.1,517.8,514,571.595,571.572,571.642,0.07,i,nasal,apical,voiced,,complex_one_syl,EY1,N,initial,1,S EY1,IH1 N P UH2 T,AH0 G EH1 N,449,2114.2,473.1,2096.7,515.7,1835.5,503.7,1633.1,497.1,1627.7,4
UT_000,Low,UH,2,SAY,INPUT,AGAIN,558.1,1107.9,2655.2,0.572293699,-1.932606706,86.6,153.6,252.6,571.849,571.822,571.902,0.08,u,stop,apical,voiceless,oral_labial,,P,T,internal,4,S EY1,IH1 N P UH2 T,AH0 G EH1 N,616.6,1120.7,578.8,1105.9,538.6,1130.1,543.4,1204.8,552.1,1244,6
UT_000,Low,EH,0,SAY,ENGAGEMENT,AGAIN,484.3,2107.2,2742.8,-0.3108882,1.622950283,71.3,308.9,387,573.881,573.861,573.922,0.061,e,nasal,apical,voiced,,complex_two_syl,EY1,N,initial,1,S EY1,EH0 N G EY1 JH M AH0 N T,AH0 G EH1 N,480.5,2061.1,480.4,2066.9,479.9,1825.4,437.5,895.4,432.4,782.9,5
UT_000,Low,EY,1,SAY,ENGAGEMENT,AGAIN,402,2024.3,2676.2,-1.295791591,1.327988136,42.2,90.6,792.9,574.081,574.062,574.172,0.11,ey,affricate,palatal,voiced,velar,complex_one_syl,G,JH,internal,4,S EY1,EH0 N G EY1 JH M AH0 N T,AH0 G EH1 N,391,1643.8,394.4,2030.8,368.4,1551.7,379.2,2084.7,370.5,2030.8,6
UT_000,Low,AO,1,SAY,BOARD,AGAIN,397.5,678.4,2239.2,-1.349644146,-3.46078816,37.2,61.9,259.4,576.664,576.611,576.77,0.159,owr,central,apical,voiced,oral_labial,complex_coda,B,R,internal,2,S EY1,B AO1 R D,AH0 G EH1 N,441.2,771.7,401.4,691.1,389.9,664.2,414.2,742.9,451.5,880.3,6
UT_000,Low,AA,1,SAY,CLOSET,AGAIN,638.8,834,2332.1,1.538049515,-2.90715595,47.8,124.1,1839.9,579.003,578.963,579.083,0.12,o,fricative,apical,voiced,obstruent_liquid,one_fol_syll,L,Z,internal,3,S EY1,K L AA1 Z AH0 T,AH0 G EH1 N,619,853.4,635.6,834.8,650.6,828.3,653.4,881.2,593.4,953.5,5
UT_000,Low,AH,0,SAY,CLOSET,AGAIN,469.3,1457.1,2453.4,-0.4903967161,-0.6901364761,19.8,131.2,238.1,579.203,579.173,579.263,0.09,uh,stop,apical,voiceless,oral_apical,,Z,T,internal,5,S EY1,K L AA1 Z AH0 T,AH0 G EH1 N,452.1,1389.1,461.2,1432,479,1501.7,492.1,1541.2,493.3,1566.6,6
UT_000,Low,AA,1,SAY,SOLVE,AGAIN,614.1,915.5,2514.6,1.242458826,-2.617175069,44.7,132.7,695.1,581.396,581.366,581.456,0.09,o,lateral,apical,voiced,oral_apical,complex_coda,S,L,internal,2,S EY1,S AA1 L V,AH0 G EH1 N,572.2,954.1,603.5,920.9,626.4,914.9,600.1,865,570.4,800.4,6
UT_000,Low,UH,1,SAY,SUGAR,AGAIN,429.8,1793.8,2798.2,-0.963102475,0.5078581585,29.4,171.2,481.9,583.667,583.644,583.714,0.07,u,stop,velar,voiced,palatal,one_fol_syll,SH,G,internal,2,S EY1,SH UH1 G ER0,AH0 G EH1 N,432.7,1772.9,431.9,1782.6,422.3,1838.6,390.2,1767.4,376.8,1747.7,4
UT_000,Low,ER,0,SAY,SUGAR,AGAIN,448.8,1440,3952.1,-0.7357250213,-0.7509790905,39.1,63.2,983.5,583.864,583.814,583.964,0.15,*hr,,,,velar,,G,AH0,final,4,S EY1,SH UH1 G ER0,AH0 G EH1 N,455.3,1509.9,449.6,1439.2,446.4,1456.6,464.3,1575,484.1,1675.4,3
UT_000,Low,ER,0,SAY,HORIZON,AGAIN,466.9,1129.6,3630.2,-0.5191180786,-1.855397073,93,268,835.9,586.281,586.224,586.394,0.17,*hr,,,,,two_fol_syl,HH,AY1,internal,2,S EY1,HH ER0 AY1 Z AH0 N,AH0 G EH1 N,522,1137.7,472.3,1136.1,464.7,1129.5,531.3,1229.9,627.9,1379.2,4
UT_000,Low,AY,1,SAY,HORIZON,AGAIN,634.9,1301.7,1935.4,1.491377301,-1.243057077,16.1,301.3,459.6,586.4,586.394,586.504,0.11,ay,fricative,apical,voiced,liquid,one_fol_syll,ER0,Z,internal,3,S EY1,HH ER0 AY1 Z AH0 N,AH0 G EH1 N,630.1,1208.4,631.4,1379.6,441.7,773.3,468.9,582.3,372.4,1158.6,6
UT_000,Low,AH,0,SAY,HORIZON,AGAIN,508.4,1500,2612.1,-0.02247785088,-0.5374962331,221.6,202.7,764.4,586.627,586.604,586.674,0.07,uh,nasal,apical,voiced,oral_apical,,Z,N,internal,5,S EY1,HH ER0 AY1 Z AH0 N,AH0 G EH1 N,486,1614.7,508.3,1596.7,507.3,1420.2,560.8,1607.2,550.7,1604.8,6
UT_000,Low,AW,1,SAY,HOUR,,712.3,1203.6,2170.4,2.417641244,-1.592101548,45.9,449.4,727.7,588.959,588.896,589.116,0.22,aw,,,,,one_fol_syll,EY1,ER0,initial,1,S EY1,AW1 ER0,SP,675,1487,716,1209.8,712.4,1092.2,629,904,492.4,779.5,5
UT_000,Low,ER,0,SAY,HOUR,,506.2,1401.5,3855.6,-0.04880576657,-0.8879639239,100,130.5,283.6,589.213,589.116,589.406,0.29,*hr,,,,,,AW1,SP,final,2,S EY1,AW1 ER0,SP,567.6,1270.9,506.2,1389.8,565.9,1575.6,740.3,1799.8,855.9,1907.8,3
UT_000,Low,AO,1,SAY,DAWN,AGAIN,649.4,998.9,2331.9,1.6649022,-2.320433897,58.3,252.2,1114.5,591.583,591.52,591.71,0.19,oh,nasal,apical,voiced,oral_apical,,D,N,internal,2,S EY1,D AO1 N,AH0 G EH1 N,633.3,1004.1,654.7,1024.2,625,858.8,618.4,1013.5,616.2,1182.5,6
UT_000,Low,ER,0,SAW,DERIVE,AGAIN,420.3,1451.7,3081,-1.076791202,-0.7093499333,41.9,231.1,1448.4,593.519,593.466,593.626,0.16,*hr,,,,oral_apical,one_fol_syll,D,AY1,internal,2,S AO1,D ER0 AY1 V,AH0 G EH1 N,430.7,1611.8,422.9,1481.8,415.2,1281.5,477.8,1383.9,635.7,1390.4,4
UT_000,Low,AY,1,SAW,DERIVE,AGAIN,677.2,1234.4,2254.2,1.997591316,-1.482513682,28,219.2,595.6,593.658,593.626,593.776,0.15,ay,fricative,labiodental,voiced,liquid,,ER0,V,internal,3,S AO1,D ER0 AY1 V,AH0 G EH1 N,659.5,1138.5,676.7,1224.4,661.1,1357.4,571.7,1634.5,472.1,1658.9,6
UT_000,Low,OW,1,SAY,PHOTOGRAPH,,484.2,971.1,2326.5,-0.3120849235,-2.419347621,45.8,127.1,158.2,595.797,595.777,595.857,0.08,ow,stop,apical,voiceless,oral_labial,two_fol_syl,F,T,internal,2,S EY1,F OW1 T AH0 G R AE2 F,SP,474.3,971.8,485.4,971.7,496.8,972.2,496.9,1055.2,490.5,1121.9,6
UT_000,Low,AH,0,SAY,PHOTOGRAPH,,465.9,1408,2318.5,-0.531085313,-0.8648366144,36.3,111.8,290.7,595.924,595.897,595.977,0.08,uh,stop,velar,voiced,oral_apical,one_fol_syll,T,G,internal,4,S EY1,F OW1 T AH0 G R AE2 F,SP,479.3,1354.7,476.2,1381.8,443.5,1468.5,409.9,1481.2,417.7,1475.4,6
UT_000,Low,AE,2,SAY,PHOTOGRAPH,,678,1443.6,2966.6,2.007165104,-0.738170119,32.8,159.2,632,596.167,596.127,596.247,0.12,ae,fricative,labiodental,voiceless,obstruent_liquid,,R,F,internal,7,S EY1,F OW1 T AH0 G R AE2 F,SP,650.4,1554.3,674.3,1459.6,704.1,1420.3,732.4,1445.2,795,1388.2,4
UT_000,Low,OY,1,SAY,VOICE,AGAIN,483,1015.1,2243.2,-0.3264456047,-2.262793525,47.9,80.3,126.5,598.708,598.651,598.821,0.17,oy,fricative,apical,voiceless,oral_labial,,V,S,internal,2,S EY1,V OY1 S,AH0 G EH1 N,444.5,822.4,480.8,976.4,451.8,1211.9,399.2,1249.9,452.5,1463.4,6
UT_000,Low,IH,1,SAY,WHIP,AGAIN,499.7,1346.6,2389.1,-0.1265927902,-1.083300738,37.8,172.6,284.7,600.715,600.698,600.748,0.05,i,stop,labial,voiceless,w/y,,W,P,internal,2,S EY1,W IH1 P,AH0 G EH1 N,489.7,1312.9,489.7,1312.9,506.7,1381,497.1,1384.9,497.1,1384.9,6
UT_000,Low,UW,1,SAY,POOL,AGAIN,425,649.9,2912.9,-1.0205452,-3.562192517,41.7,44,277.6,605.084,605.041,605.171,0.13,uw,lateral,apical,voiced,oral_labial,,P,L,internal,2,S EY1,P UW1 L,AH0 G EH1 N,420.7,674.3,423.4,654.9,432.2,658.1,430.5,683.1,412.3,698,6
UT_000,Low,EY,0,I,SAAY,EARTHQUAKE,490.3,1773.6,2577.4,-0.2390847936,0.4359855965,56,259.4,190,607.547,607.535,607.685,0.15,eyF,,,,oral_apical,,S,ER1,final,2,AY1,S EY0,ER1 TH K W EY2 K,489.5,1778.1,458.2,1890,428.8,1950.1,387.6,2008.6,368.2,1981.5,6
UT_000,Low,ER,1,SAAY,EARTHQUAKE,AGAIN,477.6,1660.9,2990.5,-0.3910686705,0.03499362941,45,477.4,1057.1,607.748,607.685,607.875,0.19,*hr,fricative,interdental,voiceless,,complex_one_syl,EY0,TH,initial,1,S EY0,ER1 TH K W EY2 K,AH0 G EH1 N,402.8,2046.4,478.9,1648.6,475.1,1445.6,455.3,1545.3,486.7,1822.5,4
UT_000,Low,EY,2,SAAY,EARTHQUAKE,AGAIN,552.6,1659.9,2782.5,0.5064739098,0.03143558179,62.6,242.6,395.2,608.127,608.115,608.205,0.09,ey,stop,velar,voiceless,w/y,,W,K,internal,5,S EY0,ER1 TH K W EY2 K,AH0 G EH1 N,552.6,1659.9,531.6,1803.4,474.2,1912.4,413,2001.5,384.8,2046.8,4
UT_000,Low,OW,1,SAY,SMOKE,AGAIN,510.9,938.4,2110.4,0.007440235127,-2.535695778,71.8,153.8,194.3,610.5,610.483,610.573,0.09,ow,stop,velar,voiceless,nasal_labial,,M,K,internal,3,S EY1,S M OW1 K,AH0 G EH1 N,497.3,952.2,528.6,919.1,505.7,795.7,523,823.4,502.1,861.9,6
UT_000,Low,UH,1,SAY,WOMAN,AGAIN,472.5,792.8,2215.5,-0.452101566,-3.053747512,63.1,53.5,265.9,612.9,612.874,612.953,0.079,u,nasal,labial,voiced,w/y,one_fol_syll,W,M,internal,2,S EY1,W UH1 M AH0 N,AH0 G EH1 N,452.3,767.4,469.1,785.7,478.5,804.9,450.6,833.7,408,862.1,6
UT_000,Low,AH,0,SAY,WOMAN,AGAIN,512.8,1596.1,2775.3,0.03017798049,-0.1955678565,97.1,280.1,131,613.06,613.043,613.093,0.05,uh,nasal,apical,voiced,nasal_labial,,M,N,internal,4,S EY1,W UH1 M AH0 N,AH0 G EH1 N,508.4,1581.8,508.4,1581.8,514.5,1603.1,501.2,1591.2,501.2,1591.2,5
UT_000,Low,AE,1,SAY,SALMON,AGAIN,645.8,1582.1,2480.9,1.621820156,-0.2453805233,143.3,205.2,559.6,615.318,615.285,615.385,0.1,ae,nasal,labial,voiced,oral_apical,one_fol_syll,S,M,internal,2,S EY1,S AE1 M AH0 N,AH0 G EH1 N,649.4,1611.6,663.1,1625.6,603,1392.8,613.9,1325.7,563.4,1161.7,6
UT_000,Low,AH,0,SAY,SALMON,AGAIN,596.5,1608,2370.3,1.0318355,-0.1532270898,65.7,203.7,850.1,615.492,615.475,615.525,0.05,uh,nasal,apical,voiced,nasal_labial,,M,N,internal,4,S EY1,S AE1 M AH0 N,AH0 G EH1 N,591.5,1602.4,591.5,1602.4,602.7,1614.1,592.5,1613.2,592.5,1613.2,6
UT_000,Low,AW,1,SAY,BOUNDARY,AGAIN,650.2,1483.9,2444.7,1.674475988,-0.5947807998,28.9,178.6,333.4,617.7,617.683,617.793,0.11,aw,nasal,apical,voiced,oral_labial,complex_two_syl,B,N,internal,2,S EY1,B AW1 N D ER0 IY0,AH0 G EH1 N,635.2,1508.1,673.6,1441.3,668.5,1316.8,656.2,1170.3,631.8,1146.4,6
UT_000,Low,ER,0,SAY,BOUNDARY,AGAIN,407.4,1480.7,3089,-1.231168526,-0.6061665522,48.4,232.3,1197.4,617.926,617.903,617.973,0.07,*hr,,,,oral_apical,one_fol_syll,D,IY0,internal,5,S EY1,B AW1 N D ER0 IY0,AH0 G EH1 N,404,1512.6,408.5,1482.6,404.1,1566.6,395.5,1713.5,392.7,1752.2,4
UT_000,Low,IY,0,SAY,BOUNDARY,AGAIN,397.7,1959.3,2365.2,-1.347250699,1.09671504,39.7,148,561,618.006,617.973,618.073,0.1,iyF,,,,liquid,,ER0,AH0,final,6,S EY1,B AW1 N D ER0 IY0,AH0 G EH1 N,390.2,1869.2,394.6,1954.6,396.5,1978.3,379.7,1962,388.6,1968.4,6
UT_000,Low,AH,2,SAY,UNEMPLOYMENT,,646,1307.8,2606.5,1.624213603,-1.221352986,39.3,179.4,161.8,619.995,619.965,620.055,0.09,uh,nasal,apical,voiced,,two_fol_syl,EY1,N,initial,1,S EY1,AH2 N IH0 M P L OY1 M AH0 N T,SP,634.9,1279.8,642.9,1285.4,656.1,1328.9,645.6,1336.9,628.1,1345.6,6
UT_000,Low,OY,1,SAY,UNEMPLOYMENT,,525.3,1043.5,2391,0.1797684105,-2.161744973,89.2,486.1,1870.5,620.422,620.365,620.535,0.17,oy,nasal,labial,voiced,obstruent_liquid,one_fol_syll,L,M,internal,7,S EY1,AH2 N IH0 M P L OY1 M AH0 N T,SP,451,784.6,527.1,945.5,487.2,1627,464,1816.4,424.6,1249.1,5
UT_000,Low,AH,0,SAY,UNEMPLOYMENT,,609.2,1556.7,2582.2,1.183819377,-0.3357549329,115.6,95,382.8,620.618,620.595,620.665,0.07,uh,nasal,apical,voiced,nasal_labial,complex_coda,M,N,internal,9,S EY1,AH2 N IH0 M P L OY1 M AH0 N T,SP,595.4,1545.3,607.7,1551.9,616.4,1562.8,603.5,1578.6,588.5,1579,6
UT_000,Low,ER,1,SAY,WORRY,AGAIN,467.6,1348.9,3763.7,-0.5107410146,-1.075117229,49.2,150.5,1218.1,623.258,623.211,623.351,0.14,*hr,,,,w/y,one_fol_syll,W,IY0,internal,2,S EY1,W ER1 IY0,AH0 G EH1 N,478.9,1141.5,470.1,1307,449.3,1474.1,433.5,1551.1,414.2,1774.6,3
UT_000,Low,IY,0,SAY,WORRY,AGAIN,356.6,2005.5,2471.2,-1.839104033,1.26109684,58.3,97.4,594,623.394,623.351,623.481,0.13,iyF,,,,liquid,,ER1,AH0,final,3,S EY1,W ER1 IY0,AH0 G EH1 N,396.1,1856.1,363.8,1989.8,364.4,2011.1,379.6,1999.9,385.1,1960.8,6
UT_000,Low,IY,1,SAY,HEARING,AGAIN,481.5,2103.4,2831.9,-0.3443964563,1.609429702,198.5,205.1,326.6,625.875,625.845,625.935,0.09,iyr,central,apical,voiced,,one_fol_syll,HH,R,internal,2,S EY1,HH IY1 R IH0 NG,AH0 G EH1 N,601,2204.7,532.8,2124.7,489.3,2020.8,532.1,1868.1,515.9,1650.6,5
UT_000,Low,IH,0,SAY,HEARING,AGAIN,477.6,1862.3,2712.3,-0.3910686705,0.7515844206,98.6,106.6,759.4,626.015,625.985,626.075,0.09,i,nasal,velar,voiced,liquid,,R,NG,internal,4,S EY1,HH IY1 R IH0 NG,AH0 G EH1 N,501.6,1711.9,484.9,1805.4,469.6,1957.1,466.1,2220.6,459.8,2371.6,4
UT_000,Low,OY,1,SAY,TOILET,AGAIN,462.7,1133.1,2212.3,-0.5693804631,-1.842943906,20,451.8,386.7,628.16,628.103,628.273,0.17,oy,lateral,apical,voiced,oral_apical,one_fol_syll,T,L,internal,2,S EY1,T OY1 L AH0 T,AH0 G EH1 N,487.8,936.6,465.7,1055.8,444.1,1520.6,443.2,1677.7,425.9,1247.5,6
UT_000,Low,UW,1,SAY,UTALIZE,AGAIN,369.5,1744.2,2438.6,-1.68472671,0.3313789964,26,292.1,114.8,630.902,630.885,630.935,0.05,uw,stop,apical,voiceless,w/y,two_fol_syl,Y,T,internal,2,S EY1,Y UW1 T AH0 L AY2 Z,AH0 G EH1 N,370.6,1802.5,370.6,1802.5,369.6,1646.1,369.5,1514.3,369.5,1514.3,6
UT_000,Low,AH,0,SAY,UTALIZE,AGAIN,437.2,1153.3,2197,-0.8745449404,-1.771071344,28.6,356.5,224.1,631.005,630.985,631.045,0.06,uh,lateral,apical,voiced,oral_apical,one_fol_syll,T,L,internal,4,S EY1,Y UW1 T AH0 L AY2 Z,AH0 G EH1 N,429.7,1139.9,430.3,1148,449.9,1111.7,467.5,1058.2,466.9,1050.9,6
UT_000,Low,AY,2,SAY,UTALIZE,AGAIN,655.4,1325.6,2403,1.736705606,-1.158019739,35.7,268.2,244.9,631.174,631.135,631.265,0.13,ay,fricative,apical,voiced,liquid,,L,Z,internal,6,S EY1,Y UW1 T AH0 L AY2 Z,AH0 G EH1 N,554.7,1013.5,635.5,1144.4,644.5,1416.4,601.5,1639.3,465.7,1749.3,6
UT_000,Low,ER,1,SAY,WORLD,AGAIN,496.5,1317.7,3978.2,-0.1648879403,-1.186128315,74.6,580.4,1081.4,633.5,633.467,633.567,0.1,*hr,lateral,apical,voiced,w/y,complex_coda,W,L,internal,2,S EY1,W ER1 L D,AH0 G EH1 N,502.1,1200.3,493.7,1311.2,507.9,1419,520.1,1216.3,510.2,991.5,3
UT_000,Low,UW,0,SAY,UTILIIZE,AGAIN,382.7,1993.8,2384.7,-1.526759215,1.219467683,95.3,654,306.6,635.81,635.79,635.85,0.06,uw,stop,apical,voiceless,w/y,two_fol_syl,Y,T,internal,2,S EY1,Y UW0 T IH1 L AH0 AY2 Z,AH0 G EH1 N,365.2,1757.5,364.8,1753.8,389.9,2053.3,390,2098.9,385.3,2095.5,6
UT_000,Low,AH,0,SAY,UTILIIZE,AGAIN,477.2,1006.7,2459.6,-0.3958555643,-2.292681125,91.5,142.1,307.9,636.1,636.07,636.16,0.09,uh,,,,liquid,one_fol_syll,L,AY2,internal,6,S EY1,Y UW0 T IH1 L AH0 AY2 Z,AH0 G EH1 N,474.1,1026.3,467.9,1021.5,523.7,1005.4,511.1,1062.9,496,1115.5,6
UT_000,Low,EH,1,SAY,STENGTHEN,AGAIN,515.6,1670.2,3241,0.06368623682,0.0680834723,97.3,131.2,2201.7,638.6,638.583,638.633,0.05,e,nasal,velar,voiced,oral_apical,complex_one_syl,T,NG,internal,3,S EY1,S T EH1 NG K TH AH0 N,AH0 G EH1 N,505.6,1678.6,505.6,1678.6,523,1698.7,521.5,1777,521.5,1777,4
UT_000,Low,AH,1,SAY,DUST,AGAIN,613.7,1366.7,2600.3,1.237671932,-1.011783981,17.7,115.4,415.6,640.81,640.78,640.87,0.09,uh,fricative,apical,voiceless,oral_apical,complex_coda,D,S,internal,2,S EY1,D AH1 S T,AH0 G EH1 N,591,1437.4,610.8,1390.2,616.6,1340.8,637.2,1372.1,613.4,1266.3,6
UT_000,Low,IH,1,SAY,FILL,AGAIN,464.8,1519.4,2543.4,-0.5442492709,-0.4684701092,16.2,123.1,273.5,643.329,643.299,643.389,0.09,i,lateral,apical,voiced,oral_labial,,F,L,internal,2,S EY1,F IH1 L,AH0 G EH1 N,450.3,1535,462.3,1530.2,476.7,1456,500,1310.4,489.2,913.2,6
UT_000,Low,AW,1,SAY,HOUSE,AGAIN,667.3,1128.4,2032.8,1.879115696,-1.85966673,53.9,288.1,390.8,645.841,645.834,645.934,0.1,aw,fricative,apical,voiceless,,,HH,S,internal,2,S EY1,HH AW1 S,AH0 G EH1 N,667.3,1128.4,654.2,1025.3,623.5,945,545.3,951.3,554.9,1053.6,6
UT_000,Low,AE,1,SAY,ANSWER,AGAIN,492.5,2331.3,3471,-0.2127568779,2.420308756,57.3,409.8,1228.3,648.402,648.365,648.475,0.11,ae,nasal,apical,voiced,,complex_one_syl,EY1,N,initial,1,S EY1,AE1 N S ER0,AH0 G EH1 N,483.3,2253.5,488,2393.8,529.9,2103.6,570.1,1887.4,584.1,1719.4,4
UT_000,Low,ER,0,SAY,ANSWER,AGAIN,455.4,1636.2,2991.8,-0.6567412743,-0.05289014687,41.7,153.9,588.9,648.698,648.665,648.765,0.1,*hr,,,,oral_apical,,S,AH0,final,4,S EY1,AE1 N S ER0,AH0 G EH1 N,434,1525.1,449.1,1636.5,472.6,1633.8,461.8,1418.9,454.8,1371.6,5
UT_000,Low,AO,1,SAY,CORD,AGAIN,413.7,734,3048.5,-1.155774949,-3.262960712,86.9,123.9,484.2,650.965,650.928,651.038,0.11,owr,central,apical,voiced,velar,complex_coda,K,R,internal,2,S EY1,K AO1 R D,AH0 G EH1 N,560.1,747.5,418.9,747.7,413.5,704.1,436.7,746.2,446.2,833,4
UT_000,Low,ER,1,SAY,COURTESY,AGAIN,472.1,1564.3,2782.3,-0.4568884597,-0.3087137709,88.6,113.5,1310.6,655.147,655.127,655.187,0.06,*hr,stop,apical,voiceless,velar,two_fol_syl,K,T,internal,2,S EY1,K ER1 T AH0 S IY0,AH0 G EH1 N,497.4,1563.6,493.7,1564.9,449.7,1622.3,429.5,1781.1,426.8,1786.4,4
UT_000,Low,AH,0,SAY,COURTESY,AGAIN,444.9,1629.9,2417.1,-0.7823972355,-0.07530584689,34.2,94.6,288.5,655.26,655.237,655.307,0.07,uh,fricative,apical,voiceless,oral_apical,one_fol_syll,T,S,internal,4,S EY1,K ER1 T AH0 S IY0,AH0 G EH1 N,438.4,1630.2,442,1629.7,445.5,1517.3,567.4,1422.3,614.5,1502.2,6
UT_000,Low,IY,0,SAY,COURTESY,AGAIN,385.2,1938.5,2733.1,-1.496841129,1.022707649,46.4,228.1,414.3,655.474,655.437,655.547,0.11,iyF,,,,oral_apical,,S,AH0,final,6,S EY1,K ER1 T AH0 S IY0,AH0 G EH1 N,397.1,1862.7,388.9,1928.4,370.2,1937.7,382.3,1891.2,398.8,1920.6,6
UT_000,Low,OY,1,SAY,POINT,AGAIN,506.2,950.1,2092.6,-0.04880576657,-2.494066621,107,346.7,686.9,657.527,657.477,657.627,0.15,oy,nasal,apical,voiced,oral_labial,complex_coda,P,N,internal,2,S EY1,P OY1 N T,AH0 G EH1 N,516.4,768.9,499.7,922.5,490,954.1,427.8,742.9,429,605.5,6
UT_000,Low,UH,1,SAY,COOKING,,477.7,1378,2111.7,-0.3898719471,-0.9715780431,38.2,193.5,163.3,659.352,659.328,659.399,0.071,u,stop,velar,voiceless,velar,one_fol_syll,K,K,internal,2,S EY1,K UH1 K IH0 NG,SP,508.5,1425.7,484.4,1403.6,468.3,1308,412.7,1233.7,400.2,1299,6
UT_000,Low,EH,1,SAY,SECTION,AGAIN,609.9,1838.8,3612.5,1.192196441,0.6679703015,50.4,355.7,1001.7,663.38,663.36,663.42,0.06,e,stop,velar,voiceless,oral_apical,complex_one_syl,S,K,internal,2,S EY1,S EH1 K SH AH0 N,AH0 G EH1 N,598.5,1846.5,600,1846.3,619.5,1797.2,607.6,1781.8,605.6,1797.2,4
UT_000,Low,AH,0,SAY,SECTION,AGAIN,546.6,1647.4,2513.4,0.4346705033,-0.0130400135,113.8,202.8,484,663.597,663.58,663.63,0.05,uh,nasal,apical,voiced,palatal,,SH,N,internal,5,S EY1,S EH1 K SH AH0 N,AH0 G EH1 N,532.4,1653.7,532.4,1653.7,518.8,1334.8,466.7,812.5,466.7,812.5,6
UT_000,Low,AY,1,,THEIF,AGAIN,369.1,2009.7,2572.1,-1.689513603,1.27604064,115.9,269.8,416.4,665.359,665.369,665.449,0.08,ay0,fricative,labiodental,voiceless,oral_apical,,TH,F,internal,2,SP,TH AY1 F,AH0 G EH1 N,378.3,1929.5,351.9,1884.7,332.1,500,329.4,451.5,335.8,526.2,6
UT_000,Low,IH,1,SAY,LYRICS,AGAINS,446.3,1755,2968.9,-0.7656431074,0.3698059107,26.2,268.9,435.2,667.387,667.357,667.447,0.09,iyr,central,apical,voiced,liquid,one_fol_syll,L,R,internal,2,S EY1,L IH1 R IH0 K S,AH0 G EY1 N Z,447.7,1683.6,445.9,1736.9,450.4,1773.7,450.4,1567,452,1490.2,5
UT_000,Low,IH,0,SAY,LYRICS,AGAINS,419.7,1687.6,3337.1,-1.083971542,0.1299935009,64.6,186.3,908.1,667.517,667.497,667.557,0.06,i,stop,velar,voiceless,liquid,complex_coda,R,K,internal,4,S EY1,L IH1 R IH0 K S,AH0 G EY1 N Z,433.9,1671,432.5,1674.2,399.4,1696.2,405.5,1771.3,410.9,1788.4,4
UT_000,Low,IY,0,SAY,MONKEY,AGAIN,319.7,2494.4,3867.8,-2.280694983,3.000626323,74.4,196.2,389.1,669.595,669.565,669.655,0.09,iyF,,,,velar,,K,AH0,final,5,S EY1,M AH1 NG K IY0,AH0 G EH1 N,317.6,2492.3,319,2506.7,329.2,2516.8,367.3,2495.3,394.3,2460.8,3
UT_000,Low,UW,1,SAY,CLUE,AGAIN,418.7,1380.6,2555.8,-1.095938777,-0.9623271193,48.9,363.2,445.6,671.496,671.489,671.619,0.13,Tuw,,,,obstruent_liquid,,L,AH0,final,3,S EY1,K L UW1,AH0 G EH1 N,418.7,1380.6,397.1,941,398.9,843.9,412.8,1011.7,436.3,1436.7,6
UT_000,Low,AA,1,SAY,GENRE,AGAIN,620.7,1206.1,2464.7,1.321442573,-1.583206429,37.2,523.3,1535.5,673.2,673.16,673.28,0.12,o,nasal,apical,voiced,palatal,one_fol_syll,ZH,N,internal,2,S EY1,ZH AA1 N R AH0,AH0 G EH1 N,478,1639.1,601.2,1299.6,634.7,1098.7,627.3,1078.5,613.4,1219.8,5
UT_000,Low,AH,0,SAY,GENRE,AGAIN,554.8,1550.7,2540.9,0.5328018255,-0.3571032186,80.5,177.2,654.5,673.45,673.42,673.51,0.09,uh,,,,liquid,,R,AH0,final,5,S EY1,ZH AA1 N R AH0,AH0 G EH1 N,562.9,1086.9,556.4,1492.8,560,1563.4,550.5,1604.4,523.5,1660.6,5
UT_000,Low,OW,1,SAY,GHOST,AGAIN,484.7,1347.3,2349.7,-0.3061013063,-1.080810105,32.9,231.9,101.8,675.301,675.277,675.377,0.1,ow,fricative,apical,voiceless,velar,complex_coda,G,S,internal,2,S EY1,G OW1 S T,AH0 G EH1 N,473.5,1397.5,489.4,1329.8,503.3,1204.4,471.9,1168.8,469.8,1191.9,6
UT_000,Low,AW,1,SAY,DOUBT,AGAIN,614,1217.1,2196.3,1.241262102,-1.544067906,358.4,165.8,323.2,677.855,677.82,677.96,0.14,aw,stop,apical,voiceless,oral_apical,,D,T,internal,2,S EY1,D AW1 T,AH0 G EH1 N,525.7,958.3,643.8,1408.2,686.1,1384.1,677.8,1308.7,644.2,1164.2,6
UT_000,Low,OY,1,SAY,TOY,AGAIN,478.1,891.8,3085.4,-0.3850850533,-2.701500797,46.8,130.9,421.1,680.077,679.987,680.257,0.27,oy,,,,oral_apical,,T,AH0,final,2,S EY1,T OY1,AH0 G EH1 N,451.1,813.5,473.3,880,503.4,1454.6,429.6,2047.8,437.7,2076.2,4
UT_000,Low,EH,1,SAY,SQUARE,AGAIN,520.8,1942.3,3720.8,0.1259158557,1.03622823,38.6,293.7,882.8,682.37,682.333,682.443,0.11,e,central,apical,voiced,w/y,,W,R,internal,4,S EY1,S K W EH1 R,AH0 G EH1 N,547.6,1629.2,528.7,1866.3,517,1941.9,512.8,1843.3,510.5,1740.5,3
UT_000,Low,AE,1,SAY,SALAD,AGAIN,668.1,1404.2,2654.5,1.888689483,-0.8783571954,26.8,249.6,405.4,684.392,684.362,684.452,0.09,ae,lateral,apical,voiced,oral_apical,one_fol_syll,S,L,internal,2,S EY1,S AE1 L AH0 D,AH0 G EH1 N,647.7,1538.6,664.9,1436.8,679.4,1331.9,671.4,1212,649.5,1168,4
UT_000,Low,AH,0,SAY,SALAD,AGAIN,548.3,1132.6,2361.6,0.4550148018,-1.84472293,397,348.5,326.5,684.579,684.562,684.612,0.05,uh,stop,apical,voiced,liquid,,L,D,internal,4,S EY1,S AE1 L AH0 D,AH0 G EH1 N,526.3,971,526.3,971,539.7,1386.9,483.8,1406.5,483.8,1406.5,6
UT_000,Low,AW,1,SAY,MOUTH,AGAIN,572.6,1328.8,2531,0.7458185978,-1.146633986,236.9,163.5,451.9,686.584,686.568,686.758,0.19,aw,fricative,interdental,voiceless,nasal_labial,,M,TH,internal,2,S EY1,M AW1 TH,AH0 G EH1 N,638.8,1432.7,631.5,1254.2,630.3,1084.1,654.6,1014.2,635.1,969.8,6
UT_000,Low,AW,1,SAY,POWDER,AGAIN,663.5,1029.2,2252.2,1.833640205,-2.212625054,73.4,521.1,764.1,689.05,689.042,689.112,0.07,aw,stop,apical,voiced,oral_labial,one_fol_syll,P,D,internal,2,S EY1,P AW1 D ER0,AH0 G EH1 N,663.5,1029.2,661.8,1012.2,644.5,1046.1,605.5,997.4,590.9,1000.3,5
UT_000,Low,ER,0,SAY,POWDER,AGAIN,460.4,1637.6,3557,-0.5969051023,-0.0479088802,72.8,318.5,926.4,689.219,689.172,689.312,0.14,*hr,,,,oral_apical,,D,AH0,final,4,S EY1,P AW1 D ER0,AH0 G EH1 N,446.5,1495.7,454.5,1638.5,451.5,1490,441.3,1479.6,443.5,1699.9,4
UT_000,Low,IH,0,SAY,EQUATION,AGAIN,296.4,2612,3978.1,-2.559531544,3.419052723,57.9,213.4,412.4,691.39,691.37,691.431,0.061,i,stop,velar,voiceless,,two_fol_syl,EY1,K,initial,1,S EY1,IH0 K W EY1 ZH AH0 N,AH0 G EH1 N,303.9,2667.5,301.2,2654.2,289.2,2589,273.9,2700.6,266.2,2687.8,3
UT_000,Low,EY,1,SAY,EQUATION,AGAIN,491.8,1571.8,2352,-0.221133942,-0.2820284138,58.5,160,223,691.642,691.63,691.75,0.12,ey,fricative,palatal,voiced,w/y,one_fol_syll,W,ZH,internal,4,S EY1,IH0 K W EY1 ZH AH0 N,AH0 G EH1 N,491.8,1571.8,419.6,1569.6,392,1401.1,393,2119.1,370.5,2137.9,6
UT_000,Low,AH,0,SAY,EQUATION,AGAIN,536,1697.8,2447.2,0.3078178187,0.1662855867,56.7,350.5,741.6,691.96,691.92,692.04,0.12,uh,nasal,apical,voiced,palatal,,ZH,N,internal,6,S EY1,IH0 K W EY1 ZH AH0 N,AH0 G EH1 N,443.3,1724.4,517.7,1699.3,547.1,1638.6,532,1595.8,445.2,1240.4,6
UT_000,Low,AW,1,SAY,MOUSE,AGAIN,652.7,1401.4,2535.7,1.704394074,-0.8883197287,27.6,96.6,621,693.913,693.903,694.013,0.11,aw,fricative,apical,voiceless,nasal_labial,,M,S,internal,2,S EY1,M AW1 S,AH0 G EH1 N,652.7,1401.4,532.1,1087.5,640.8,1105.2,613.6,993.4,619.1,1058.1,6
UT_000,Low,EH,1,SAY,SELL,AGAIN,565.7,1399.1,2485.2,0.6632446805,-0.8965032382,29.3,369.4,416,696.252,696.219,696.319,0.1,e,lateral,apical,voiced,oral_apical,,S,L,internal,2,S EY1,S EH1 L,AH0 G EH1 N,515.9,1472.3,554.3,1437.2,599.1,1357.6,534.7,911.8,578,995.9,6
UT_000,Low,OW,1,SAY,DOUGH,AGAIN,558.6,1438.6,2451.7,0.5782773162,-0.7559603571,32,222.1,118,698.462,698.428,698.668,0.24,owF,,,,oral_apical,,D,AH0,final,2,S EY1,D OW1,AH0 G EH1 N,558.6,1438.6,569.6,1314.3,506.3,1118.5,438.2,997.8,471.8,1072.1,6
UT_000,Low,IH,0,SAY,SECURITY,AGAIN,361.9,1804.1,2526.9,-1.775677691,0.544506049,61.5,234.6,347.9,700.667,700.65,700.7,0.05,i,stop,velar,voiceless,oral_apical,two_fol_syl,S,K,internal,2,S EY1,S IH0 K Y UH1 R AH0 T IY0,AH0 G EH1 N,370.6,1804.6,370.6,1804.6,344.3,1809.9,304,1736.2,304,1736.2,6
UT_000,Low,UH,1,SAY,SECURITY,AGAIN,404.4,1660.1,1813.1,-1.267070229,0.03214719131,38.2,167,287.2,700.88,700.86,700.92,0.06,uwr,central,apical,voiced,w/y,two_fol_syl,Y,R,internal,5,S EY1,S IH0 K Y UH1 R AH0 T IY0,AH0 G EH1 N,403.4,1672,403.4,1667.4,406.5,1619.3,406.6,1547.3,406.8,1535.9,6
UT_000,Low,AH,0,SAY,SECURITY,AGAIN,444.2,1628.7,1884.7,-0.7907742996,-0.07957550404,42.7,241.6,572.3,700.987,700.97,701.02,0.05,uh,stop,apical,voiceless,liquid,one_fol_syll,R,T,internal,7,S EY1,S IH0 K Y UH1 R AH0 T IY0,AH0 G EH1 N,444.7,1613.7,444.7,1613.7,445.7,1649.3,434.4,1712.3,434.4,1712.3,6
UT_000,Low,IY,0,SAY,SECURITY,AGAIN,380.7,2171.5,2778,-1.550693684,1.851732746,106.4,258.6,433.2,701.097,701.06,701.17,0.11,iyF,,,,oral_apical,,T,AH0,final,9,S EY1,S IH0 K Y UH1 R AH0 T IY0,AH0 G EH1 N,382.8,2002.4,388.4,2142.6,355.4,2251.8,390.4,2151.5,420.9,2066.8,5
UT_000,Low,ER,1,SAY,CURTAIN,AGAIN,478.6,1706.2,3710.6,-0.3791014361,0.1961731867,71.2,150.5,733.7,703.22,703.2,703.26,0.06,*hr,stop,apical,voiceless,velar,one_fol_syll,K,T,internal,2,S EY1,K ER1 T AH0 N,AH0 G EH1 N,486.7,1713.9,486.2,1713.3,466.8,1702.1,444.3,1724.1,443.2,1732.1,3
UT_000,Low,AH,0,SAY,CURTAIN,AGAIN,616.7,1610,2483.9,1.273573635,-0.1461109946,104.1,165.1,409.3,703.37,703.35,703.41,0.06,uh,nasal,apical,voiced,oral_apical,,T,N,internal,4,S EY1,K ER1 T AH0 N,AH0 G EH1 N,633.7,1620,631.3,1616.9,574.1,1634.2,550.6,1608.9,547.8,1605.5,6
UT_000,Low,UH,1,SAY,WOOD,AGAIN,476.5,1218.6,2662.2,-0.4042326284,-1.538730834,25.4,122.8,210.8,705.598,705.568,705.658,0.09,u,stop,apical,voiced,w/y,,W,D,internal,2,S EY1,W UH1 D,AH0 G EH1 N,467.5,1094.4,475.2,1188.7,475.7,1306.7,466.9,1402.9,452.1,1416.6,6
UT_000,Low,OW,1,SAY,ROSE,AGAIN,472.7,1043.6,2006.2,-0.4497081191,-2.161389168,46.4,371.8,311.7,707.617,707.61,707.76,0.15,ow,fricative,apical,voiced,liquid,,R,Z,internal,2,S EY1,R OW1 Z,AH0 G EH1 N,472,1011.6,462.7,1013.3,430.9,989.7,365.6,930.3,357.4,1182.5,6
UT_000,Low,AY,1,SAY,SHINE,AGAIN,630.5,1503,2224.1,1.43872147,-0.5268220902,75,150.3,993.5,709.784,709.711,709.871,0.16,ay,nasal,apical,voiced,palatal,,SH,N,internal,2,S EY1,SH AY1 N,AH0 G EH1 N,591.5,1271.9,551.6,1193.7,594.6,1283.1,557.5,1106.6,466,616.5,6
UT_000,Low,AH,0,,AVOID,AGAIN,603.6,1506,2473,1.116802864,-0.5161479474,287.8,384.7,658.4,712.087,712.037,712.187,0.15,uh,fricative,labiodental,voiced,,one_fol_syll,SP,V,initial,1,SP,AH0 V OY1 D,AH0 G EH1 N,849.1,1728.5,696.1,1596.5,558.1,1171.2,539,1128.8,451.9,1043.1,6
UT_000,Low,OY,1,,AVOID,AGAIN,452.7,897.9,2462.5,-0.6890528072,-2.679796707,89.4,242.2,373.4,712.357,712.297,712.477,0.18,oy,stop,apical,voiced,oral_labial,,V,D,internal,3,SP,AH0 V OY1 D,AH0 G EH1 N,437.5,729.4,453.3,864.1,448.9,1179.8,433.9,1596.4,410.9,1817.5,4
UT_000,Low,IH,0,SAY,DISCUSS,AGAIN,450.2,1572.9,2640.6,-0.7189708932,-0.2781145614,45.3,153.8,236.7,714.312,714.292,714.352,0.06,i,fricative,apical,voiceless,oral_apical,complex_one_syl,D,S,internal,2,S EY1,D IH0 S K AH1 S,AH0 G EH1 N,441.3,1589.6,443.3,1587,456.5,1544.3,548.9,1553.7,562.8,1565,6
UT_000,Low,AH,1,SAY,DISCUSS,AGAIN,601.3,1116.9,2008.4,1.089278225,-1.900584277,291.6,621.5,349.7,714.545,714.522,714.592,0.07,uh,fricative,apical,voiceless,velar,,K,S,internal,5,S EY1,D IH0 S K AH1 S,AH0 G EH1 N,584.3,1225.6,588.9,1104.1,641.9,1239.6,677.3,1462.5,689,1484.1,6
UT_000,Low,AO,1,SAY,BROADCAST,AGAIN,665.7,1065.2,2368.1,1.859968121,-2.084535339,28.2,172.3,1226.7,717.007,716.977,717.067,0.09,oh,stop,apical,voiced,obstruent_liquid,complex_one_syl,R,D,internal,3,S EY1,B R AO1 D K AE2 S T,AH0 G EH1 N,642.5,1065.7,658.3,1063.5,674.2,1122.2,640.6,1181.3,592,1282.9,5
UT_000,Low,AE,2,SAY,BROADCAST,AGAIN,676.1,2151,4111.7,1.984427359,1.778792769,92.1,418.7,1040.1,717.241,717.207,717.308,0.101,ae,fricative,apical,voiceless,velar,complex_coda,K,S,internal,6,S EY1,B R AO1 D K AE2 S T,AH0 G EH1 N,704.9,2046,671.9,2155.1,678.9,1982,657.2,1857,668.7,1928.7,3
UT_000,Low,UW,1,SAY,FUEL,AGAIN,376.5,1738,2254.6,-1.600956069,0.3093191011,28.7,239.4,557.2,719.231,719.208,719.278,0.07,uw,,,,w/y,one_fol_syll,Y,AH0,internal,3,S EY1,F Y UW1 AH0 L,AH0 G EH1 N,356.5,1848.4,367.7,1798.7,393.4,1546.6,429.8,1164.6,438.9,1094.4,6
UT_000,Low,AO,1,SAY,HORROR,AGAIN,469.8,739,2838.3,-0.4844130989,-3.245170474,90.2,65.6,346.6,721.299,721.256,721.386,0.13,owr,central,apical,voiced,,one_fol_syll,HH,R,internal,2,S EY1,HH AO1 R ER0,AH0 G EH1 N,567,701.6,476,739,473.7,743.2,555.2,764,518.9,907.6,4
UT_000,Low,ER,0,SAY,HORROR,AGAIN,483.6,1410.2,3874.8,-0.3192652641,-0.8570089096,69.7,101.3,185.5,721.563,721.536,721.616,0.08,*hr,,,,liquid,,R,AH0,final,4,S EY1,HH AO1 R ER0,AH0 G EH1 N,490.2,1377.8,485.3,1393.9,484.6,1465.2,483.4,1580.1,482.1,1629,3
UT_000,Low,AW,1,SAY,MOUNTAIN,AGAIN,626.8,1304.9,2857.5,1.394442703,-1.231671324,48.1,188,337.1,723.499,723.479,723.559,0.08,aw,nasal,apical,voiced,nasal_labial,complex_one_syl,M,N,internal,2,S EY1,M AW1 N T AH0 N,AH0 G EH1 N,622.9,1338.1,627.2,1299.6,632.8,1186.3,633.4,1046.6,640.4,945.7,4
UT_000,Low,OW,1,SAY,GOAL,AGAIN,474.9,859,2626.2,-0.4233802034,-2.818204759,39.7,180.1,201.9,726.03,726.01,726.17,0.16,ow,lateral,apical,voiced,velar,,G,L,internal,2,S EY1,G OW1 L,AH0 G EH1 N,471.3,864.5,483.5,808.3,465,766.8,458.1,758.7,429.9,730.9,6
UT_000,Low,AO,1,SAY,WATER,AGAIN,601.7,805.3,2747.3,1.094065119,-3.009271917,32.2,67.3,197.6,728.169,728.126,728.256,0.13,oh,stop,apical,voiceless,w/y,one_fol_syll,W,T,internal,2,S EY1,W AO1 T ER0,AH0 G EH1 N,487.8,703,592.8,789.2,620.5,849.1,621.9,853.7,624.6,920,6
UT_000,Low,ER,0,SAY,WATER,AGAIN,487.9,1549.6,3389.4,-0.2678061562,-0.361017071,114.6,147.7,547.2,728.383,728.346,728.456,0.11,*hr,,,,oral_apical,,T,AH0,final,4,S EY1,W AO1 T ER0,AH0 G EH1 N,519.5,1560.1,490,1549.9,489.5,1527.5,491,1633.7,506.5,1754.7,3
UT_000,Low,AW,1,SAY,COUNTER,,664.6,1575.1,2805.6,1.846804163,-0.2702868566,80.8,145.4,344.3,730.313,730.291,730.431,0.14,aw,nasal,apical,voiced,velar,complex_one_syl,K,N,internal,2,S EY1,K AW1 N T ER0,SP,679.8,1643.1,675.6,1431.7,658.3,1199.4,629.3,996.5,610,1010.5,4
UT_000,Low,ER,0,SAY,COUNTER,,646.8,1635.5,2409.3,1.633787391,-0.05538078021,137.2,83.3,864.7,730.594,730.511,730.761,0.25,*hr,,,,oral_apical,,T,SP,final,5,S EY1,K AW1 N T ER0,SP,590.1,1542.8,640.4,1636.8,645.7,1667.3,693.6,1713.2,567.3,1681.9,5
UT_000,Low,AY,1,SAY,STRIVE,AGAIN,674.3,1458.6,2609.6,1.962886337,-0.6847994047,24.5,302.7,666.9,733.073,733.064,733.184,0.12,ay,fricative,labiodental,voiced,obstruent_liquid,,R,V,internal,4,S EY1,S T R AY1 V,AH0 G EH1 N,645.4,1461.8,670.3,1526.4,608.1,1674.5,495.7,1862.8,454.4,1816.7,4
UT_000,Low,EH,1,SAY,WEALTH,AGAIN,589.5,1256.8,2307.7,0.9480648593,-1.402813415,42.6,388.9,338,737.614,737.571,737.701,0.13,e,lateral,apical,voiced,w/y,complex_coda,W,L,internal,2,S EY1,W EH1 L TH,AH0 G EH1 N,514.2,1065.6,581.1,1229.2,600.2,1371.5,591.3,1207.9,573.8,1100.3,6
UT_000,Low,AY,0,SAY,IDEA,AGAIN,627.7,1632.1,2437.6,1.405213213,-0.06747814212,43.7,91.9,177.7,739.568,739.529,739.639,0.11,ay,stop,apical,voiced,,two_fol_syl,EY1,D,initial,1,S EY1,AY0 D IY1 AH0,AH0 G EH1 N,599.2,1618.2,641.3,1560.8,621.9,1640.6,513.3,1721.3,423.8,1909.5,6
UT_000,Low,IY,1,SAY,IDEA,AGAIN,337.5,2230.3,2855,-2.06767821,2.060945946,46.2,169.1,324,739.752,739.719,739.819,0.1,iy,,,,oral_apical,one_fol_syll,D,AH0,internal,3,S EY1,AY0 D IY1 AH0,AH0 G EH1 N,353.5,2125.4,336.9,2199.1,344.5,2250,362.3,2141,394.7,2088,5
UT_000,Low,AH,0,SAY,IDEA,AGAIN,523.3,1673.6,2535.8,0.1558339417,0.08018083422,26.2,116.2,153.5,739.862,739.819,739.949,0.13,uh,,,,,,IY1,AH0,final,4,S EY1,AY0 D IY1 AH0,AH0 G EH1 N,415.9,1211.6,517.4,1695,524.8,1601.3,530.4,1627.6,516.5,1649.5,6
UT_000,Low,AE,1,SAY,BLACK,AGAIN,756.7,1409.3,2825.9,2.948986452,-0.8602111525,38.2,244.8,627.4,741.858,741.821,741.931,0.11,ae,stop,velar,voiceless,obstruent_liquid,,L,K,internal,3,S EY1,B L AE1 K,AH0 G EH1 N,726.7,1362.2,751.9,1390.8,767,1475.3,748.2,1540.9,754.1,1649.2,4
UT_000,Low,ER,1,SAY,VERSION,AGAIN,446.8,1414.2,1886.3,-0.7596594902,-0.8427767191,73.9,125.1,3599.7,743.822,743.775,743.915,0.14,*hr,fricative,palatal,voiced,oral_labial,one_fol_syll,V,ZH,internal,2,S EY1,V ER1 ZH AH0 N,AH0 G EH1 N,443.9,1221.1,446.8,1397.5,441.8,1443.9,404.1,1548,370.9,1699.2,4
UT_000,Low,AH,0,SAY,VERSION,AGAIN,481.6,1669.6,2518.8,-0.3431997329,0.06594864373,55,222.5,918.4,744.022,743.995,744.075,0.08,uh,nasal,apical,voiced,palatal,,ZH,N,internal,4,S EY1,V ER1 ZH AH0 N,AH0 G EH1 N,447,1726.5,459.5,1691.3,530.7,1652,558.6,1618.2,541,1457.3,6
UT_000,Low,OY,1,SAY,CHOICE,AGAIN,492.5,1066.8,2096.7,-0.2127568779,-2.078842463,50.5,72,136.1,746.626,746.583,746.713,0.13,oy,fricative,apical,voiceless,palatal,,CH,S,internal,2,S EY1,CH OY1 S,AH0 G EH1 N,513.1,992.1,486.8,1035.3,482.7,1270.1,427.2,977.4,583.4,1517.4,6
UT_000,Low,ER,0,,ARRAY,AGAIN,506.9,1534.5,3861.5,-0.04042870249,-0.4147435901,70.8,313.6,671.3,748.654,748.571,748.821,0.25,*hr,,,,,one_fol_syll,SP,EY1,initial,1,SP,ER0 EY1,AH0 G EH1 N,602,1827,513.8,1551.2,430,1198.7,388,1178.4,471.3,1619,3
UT_000,Low,EY,1,,ARRAY,AGAIN,492.4,1756.2,2384.6,-0.2139536013,0.3740755679,51.9,209.1,607.7,748.833,748.821,749.001,0.18,eyF,,,,liquid,,ER0,AH0,final,2,SP,ER0 EY1,AH0 G EH1 N,487.9,1794.9,450,1886.2,415.3,1959,378.4,1813.8,417.1,1782.1,6
UT_000,Low,AY,1,SAY,LIFE,AGAIN,658.7,1198.1,2437.9,1.77619748,-1.61167081,18.8,283.7,619.2,751.078,751.056,751.186,0.13,ay0,fricative,labiodental,voiceless,liquid,,L,F,internal,2,S EY1,L AY1 F,AH0 G EH1 N,630.8,983.3,658.7,1198.1,621.6,1521.1,514.3,1884.9,496.4,1851.8,5
UT_000,Low,ER,1,SAY,WORD,AGAIN,461.9,1512.5,,-0.5789542507,-0.4930206378,54.7,138.2,None,753.476,753.426,753.576,0.15,*hr,stop,apical,voiced,w/y,,W,D,internal,2,S EY1,W ER1 D,AH0 G EH1 N,465.6,1494.4,464,1506.3,445.1,1570.4,432.5,1623.7,417.5,1733.2,3
UT_000,Low,ER,1,SAY,COLONEL,,595.2,1380,3000.4,1.016278095,-0.9644619478,112.9,121.8,1032.6,755.867,755.834,755.934,0.1,*hr,nasal,apical,voiced,velar,one_fol_syll,K,N,internal,2,S EY1,K ER1 N AH0 L,SP,585.6,1399.4,599.2,1383.9,570,1383.8,556.6,1425.8,536.9,1490.5,4
UT_000,Low,AH,0,SAY,COLONEL,,613.1,1026.9,2142.8,1.230491591,-2.220808563,61,374.9,953.1,756.017,755.994,756.064,0.07,uh,lateral,apical,voiced,nasal_apical,,N,L,internal,4,S EY1,K ER1 N AH0 L,SP,580.5,992,601,1042.2,618.7,975.8,606.3,895.1,596.6,879.1,6
UT_000,Low,ER,1,SAY,SKIRT,AGAIN,459.4,1391.2,3596.6,-0.6088723367,-0.9246118145,34.4,152.2,918.9,758.237,758.19,758.33,0.14,*hr,stop,apical,voiceless,velar,,K,T,internal,3,S EY1,S K ER1 T,AH0 G EH1 N,461.5,1458.8,459.5,1392.1,460.8,1450.9,451.2,1526.2,464.9,1529.3,4
UT_000,Low,AH,0,SAY,PHOTOGRAPHY,AGAIN,433.8,1247.9,2470.4,-0.9152335374,-1.434480039,40.1,317.8,246.8,760.41,760.39,760.45,0.06,uh,stop,apical,voiceless,oral_labial,two_fol_syl,F,T,internal,2,S EY1,F AH0 T AA1 G R AH0 F IY0,AH0 G EH1 N,426,1224.1,426.8,1227.1,447.1,1306.8,447.3,1410,444.1,1419.4,6
UT_000,Low,AA,1,SAY,PHOTOGRAPHY,AGAIN,649.1,947,2159.3,1.66131203,-2.505096568,283.8,176.3,292.8,760.613,760.59,760.66,0.07,o,stop,velar,voiced,oral_apical,two_fol_syl,T,G,internal,4,S EY1,F AH0 T AA1 G R AH0 F IY0,AH0 G EH1 N,682.3,1004.4,651.6,965.2,644.7,952.7,664.4,1034.3,658.1,1070.8,6
UT_000,Low,AH,0,SAY,PHOTOGRAPHY,AGAIN,419.3,1555.7,2424.7,-1.088758436,-0.3393129805,73.4,142.7,2545.8,760.813,760.79,760.86,0.07,uh,fricative,labiodental,voiceless,obstruent_liquid,one_fol_syll,R,F,internal,7,S EY1,F AH0 T AA1 G R AH0 F IY0,AH0 G EH1 N,411.2,1525.6,413.1,1523.6,461.9,1576.4,704.8,1610.4,870.4,1728.2,4
UT_000,Low,IY,0,SAY,PHOTOGRAPHY,AGAIN,355.6,2010.5,2894.6,-1.851071268,1.278887078,43.2,130.6,623,760.973,760.94,761.04,0.1,iyF,,,,oral_labial,,F,AH0,final,9,S EY1,F AH0 T AA1 G R AH0 F IY0,AH0 G EH1 N,350.6,2016.6,350.4,2026,373.8,1997.7,407.8,1938.5,423.4,1907.1,5
UT_000,Low,AY,1,SAY,PRIVACY,AGAIN,675.8,1334.8,1840,1.980837188,-1.1252857,83.5,349.9,300.7,762.845,762.855,762.965,0.11,ay,fricative,labiodental,voiced,obstruent_liquid,two_fol_syl,R,V,internal,3,S EY1,P R AY1 V AH0 S IY0,AH0 G EH1 N,678.4,1360.7,648.6,1021.2,606.5,1375.5,555.4,1684.6,449.9,1271.8,6
UT_000,Low,AH,0,SAY,PRIVACY,AGAIN,454.1,1587.1,2627.4,-0.672298679,-0.2275902851,39.2,330.7,400,763.042,763.015,763.095,0.08,uh,fricative,apical,voiceless,oral_labial,one_fol_syll,V,S,internal,5,S EY1,P R AY1 V AH0 S IY0,AH0 G EH1 N,424.6,1516.7,446.2,1562.4,441.6,1554,431.7,1516.3,459.3,1606.7,5
UT_000,Low,IY,0,SAY,PRIVACY,AGAIN,359.8,2394.6,4165.1,-1.800808883,2.64553317,123,288.1,418.5,763.252,763.225,763.305,0.08,iyF,,,,oral_apical,,S,AH0,final,7,S EY1,P R AY1 V AH0 S IY0,AH0 G EH1 N,374.4,2493.9,365.3,2437.7,361.8,2407.9,379.3,2478.7,388.9,2416.1,3
UT_000,Low,IH,1,SAY,CRYSTAL,AGAIN,457.8,1537.1,2050.3,-0.6280199117,-0.4054926663,45.4,620.1,733.7,764.899,764.876,764.946,0.07,i,fricative,apical,voiceless,obstruent_liquid,complex_one_syl,R,S,internal,3,S EY1,K R IH1 S T AH0 L,AH0 G EH1 N,451.3,1538,453.5,1537.6,459,1483.6,461.6,1573.5,480.5,1623.4,6
UT_000,Low,AH,0,SAY,CRYSTAL,AGAIN,459.5,1133.1,2596.4,-0.6076756132,-1.842943906,61.5,490.8,210.4,765.079,765.056,765.126,0.07,uh,lateral,apical,voiced,oral_apical,,T,L,internal,6,S EY1,K R IH1 S T AH0 L,AH0 G EH1 N,470.5,1251.4,462.5,1190.8,466.3,1045.4,485.8,992.7,485.8,981.9,6
UT_000,Low,IH,0,,ELECTRICITY,AGAIN,647.4,1545,2431.8,1.640967731,-0.3773840901,112.3,192,199.7,767.256,767.219,767.329,0.11,i,lateral,apical,voiced,,two_fol_syl,SP,L,initial,1,SP,IH0 L EH2 K T R IH1 S AH0 T IY0,AH0 G EH1 N,409.4,1642.8,621.3,1563.2,599.7,1458,595.6,1286.9,537.8,1097.4,6
UT_000,Low,IY,0,,ELECTRICITY,AGAIN,377.1,2382.9,3872.2,-1.593775728,2.603904013,77,366.6,418.6,767.899,767.859,767.979,0.12,iyF,,,,oral_apical,,T,AH0,final,11,SP,IH0 L EH2 K T R IH1 S AH0 T IY0,AH0 G EH1 N,403.6,2348.8,385.9,2401.8,362.8,2363.7,400.5,2398.5,455.1,2185.2,3